title,artist,top genre,popularity,bpm,nrgy,dnce,dB,live,val,dur,acous,spch
STARSTRUKK (feat. Katy Perry),3OH!3,dance pop,70,140,81,61,-6,23,23,203,0,6
My First Kiss (feat. Ke$ha),3OH!3,dance pop,68,138,89,68,-4,36,83,192,1,8
I Need A Dollar,Aloe Blacc,pop soul,72,95,48,84,-7,9,96,243,20,3
Airplanes (feat. Hayley Williams of Paramore),B.o.B,atl hip hop,80,93,87,66,-4,4,38,180,11,12
Nothin' on You (feat. Bruno Mars),B.o.B,atl hip hop,79,104,85,69,-6,9,74,268,39,5
Magic (feat. Rivers Cuomo),B.o.B,atl hip hop,71,82,93,55,-4,35,79,196,1,34
The Time (Dirty Bit),Black Eyed Peas,dance pop,75,128,81,82,-8,60,44,308,7,7
Imma Be,Black Eyed Peas,dance pop,71,92,52,60,-7,31,41,258,18,37
Talking to the Moon,Bruno Mars,dance pop,87,146,59,50,-5,11,8,218,51,3
Just the Way You Are,Bruno Mars,dance pop,86,109,84,64,-5,6,42,221,1,4
Teach Me How to Dougie,Cali Swag District,pop rap,71,85,44,85,-5,9,51,237,20,14
Forget You,CeeLo Green,atl hip hop,69,127,88,70,-4,16,77,223,13,6
Deuces (feat. Tyga & Kevin McCall),Chris Brown,dance pop,74,74,74,69,-5,8,22,277,3,11
Memories (feat. Kid Cudi),David Guetta,big room,74,130,87,56,-6,25,50,210,0,34
Gettin' Over You (feat. Fergie & LMFAO),David Guetta,big room,55,130,91,62,-5,8,45,188,18,8
"All I Do Is Win (feat. T-Pain, Ludacris, Snoop Dogg & Rick Ross)",DJ Khaled,dance pop,55,150,78,54,-4,16,28,233,1,19
Over,Drake,canadian hip hop,72,100,85,35,-6,12,45,234,1,20
Find Your Love,Drake,canadian hip hop,70,96,61,63,-6,3,76,209,2,17
Barbra Streisand (Radio Edit),Duck Sauce,disco house,61,128,93,76,-2,22,46,195,0,10
Stereo Love - Radio Edit,Edward Maya,romanian house,71,127,78,80,-4,8,59,185,3,3
Pack Up,Eliza Doolittle,lilith,46,133,81,67,-6,21,87,191,30,8
Starry Eyed,Ellie Goulding,dance pop,59,150,81,50,-5,32,60,177,14,4
Love The Way You Lie,Eminem,detroit hip hop,87,87,93,75,-5,52,64,263,24,23
Not Afraid,Eminem,detroit hip hop,85,115,95,86,-1,21,67,248,53,26
I Like It,Enrique Iglesias,dance pop,71,129,94,65,-3,7,70,232,2,8
Kickstarts,Example,dance pop,69,126,84,61,-4,36,66,182,0,6
Like A G6,Far East Movement,asian american hip hop,75,125,84,44,-8,12,78,217,1,45
Club Can't Handle Me (feat. David Guetta),Flo Rida,dance pop,81,128,87,62,-4,6,47,235,3,3
Hot - Malibu Breeze Radio Edit,INNA,dance pop,43,128,71,81,-8,26,51,224,6,14
Replay,Iyaz,dance pop,78,91,75,71,-6,17,20,182,17,7
Whatcha Say,Jason Derulo,dance pop,72,144,71,62,-6,14,71,221,4,8
Ridin' Solo,Jason Derulo,dance pop,70,89,83,44,-4,13,58,216,13,15
In My Head,Jason Derulo,dance pop,67,110,75,76,-4,35,85,199,3,3
Down,Jay Sean,dance pop,83,132,68,73,-4,8,73,213,1,3
Do You Remember,Jay Sean,dance pop,74,126,67,85,-5,10,82,211,2,7
Young Forever,JAY-Z,east coast hip hop,71,140,69,64,-3,21,10,254,42,7
Heartbreak Warfare,John Mayer,neo mellow,69,97,55,62,-8,30,31,270,19,2
Half of My Heart,John Mayer,neo mellow,68,115,59,68,-9,11,73,250,44,3
Baby,Justin Bieber,canadian pop,86,65,86,73,-5,11,54,214,4,14
California Gurls,Katy Perry,dance pop,78,125,75,79,-4,16,43,235,0,6
Teenage Dream,Katy Perry,dance pop,76,120,80,72,-5,13,59,228,2,4
Commander,Kelly Rowland,atl hip hop,54,125,88,40,-4,36,57,218,2,14
TiK ToK,Kesha,dance pop,86,120,84,76,-3,29,71,200,10,14
Your Love Is My Drug,Kesha,dance pop,75,120,61,83,-4,9,76,187,1,10
Take It Off,Kesha,dance pop,74,125,68,73,-5,9,74,215,0,3
Blah Blah Blah (feat. 3OH!3),Kesha,dance pop,67,120,84,75,-3,42,52,172,8,12
Wavin' Flag,K'NAAN,reggae fusion,63,76,70,63,-6,24,72,221,13,7
Live Like We're Dying,Kris Allen,idol,57,92,89,59,-3,34,94,213,3,4
Bad Romance,Lady Gaga,art pop,86,119,92,70,-4,8,71,295,0,4
Telephone,Lady Gaga,art pop,75,122,84,82,-6,11,72,221,1,4
Alejandro,Lady Gaga,art pop,72,99,79,62,-7,38,36,274,0,5
Right Above It,Lil Wayne,hip hop,74,76,84,38,-4,58,46,272,4,36
My Chick Bad,Ludacris,atl hip hop,73,85,72,62,-7,48,76,217,17,38
How Low,Ludacris,atl hip hop,68,144,50,79,-7,22,42,202,0,5
Misery,Maroon 5,pop,70,103,81,70,-5,22,73,216,0,4
When We Collide,Matt Cardle,talent show,52,82,68,44,-6,31,45,226,2,3
Cooler Than Me - Single Mix,Mike Posner,dance pop,81,130,82,77,-5,69,63,213,18,5
Can't Be Tamed,Miley Cyrus,dance pop,69,117,91,63,-3,20,74,168,3,14
Animal,Neon Trees,modern alternative rock,76,148,83,48,-6,37,74,212,0,4
Fireflies,Owl City,indietronica,84,180,66,51,-7,12,47,228,3,4
She Said,Plan B,grime,39,147,54,72,-6,16,83,211,30,14
Only Girl (In The World),Rihanna,barbadian pop,82,126,71,79,-4,6,64,235,11,4
Rude Boy,Rihanna,barbadian pop,80,174,75,56,-4,8,81,223,11,13
What's My Name?,Rihanna,barbadian pop,75,100,78,69,-3,8,56,263,18,7
Man Down,Rihanna,barbadian pop,65,156,91,48,-4,5,54,267,4,19
Hard,Rihanna,barbadian pop,60,182,75,31,-4,65,16,251,1,11
Dancing On My Own - Radio Edit,Robyn,art pop,65,117,93,57,-6,13,22,278,0,3
King of Anything,Sara Bareilles,acoustic pop,66,119,76,68,-4,6,81,207,46,4
This Ain't a Love Song,Scouting For Girls,dance pop,58,177,91,46,-4,38,55,211,0,5
Eenie Meenie,Sean Kingston,dance pop,72,121,64,73,-3,10,84,202,3,3
Riverside,Sidney Samson,dutch house,42,126,98,80,-2,13,29,321,0,5
Alors on danse - Radio Edit,Stromae,belgian pop,83,120,59,79,-9,7,71,206,10,8
Stuck Like Glue,Sugarland,contemporary country,73,84,80,70,-5,5,84,248,33,6
One - Radio Edit,Swedish House Mafia,dance pop,62,125,78,80,-7,15,62,170,1,4
Miami 2 Ibiza - Swedish House Mafia vs. Tinie Tempah,Swedish House Mafia,dance pop,52,125,93,74,-6,40,66,206,0,7
Dynamite,Taio Cruz,dance pop,85,120,78,75,-4,4,82,203,0,9
Break Your Heart,Taio Cruz,dance pop,79,122,93,61,-4,9,57,202,3,3
The Flood,Take That,boy band,63,101,83,51,-6,12,14,289,4,4
Back To December,Taylor Swift,pop,71,142,67,53,-5,33,29,293,12,3
Mine,Taylor Swift,pop,70,121,76,62,-3,19,66,231,0,3
Today Was A Fairytale,Taylor Swift,pop,56,158,70,49,-4,17,34,242,3,3
If I Die Young,The Band Perry,contemporary country,74,131,50,61,-7,28,36,223,35,3
For the First Time,The Script,celtic rock,66,174,63,40,-5,18,36,253,3,3
All Time Low,The Wanted,boy band,63,134,62,69,-5,8,79,205,35,5
Seek Bromance (Avicii Vocal Edit),Tim Berg,edm,55,126,81,49,-3,9,55,201,9,4
Carry Out (Featuring Justin Timberlake),Timbaland,dance pop,74,116,57,53,-7,26,27,232,11,11
If We Ever Meet Again (Featuring Katy Perry),Timbaland,dance pop,74,126,61,65,-7,6,39,293,0,4
Pass Out,Tinie Tempah,dance pop,51,91,89,69,-3,14,53,268,3,30
Written in the Stars (feat. Eric Turner),Tinie Tempah,dance pop,51,123,97,62,-3,20,30,208,5,13
"Hey, Soul Sister",Train,dance pop,87,97,89,67,-4,8,80,217,19,4
Billionaire (feat. Bruno Mars),Travie McCoy,dance pop,77,87,67,63,-6,21,66,211,30,26
Bottoms Up (feat. Nicki Minaj),Trey Songz,dance pop,78,74,60,84,-5,39,33,242,2,16
Say Aah (feat. Fabolous),Trey Songz,dance pop,68,93,87,72,-4,83,81,208,0,11
What You Know,Two Door Cinema Club,indie rock,76,139,74,56,-4,8,78,192,0,4
DJ Got Us Fallin' In Love (feat. Pitbull),Usher,atl hip hop,84,120,86,66,-3,8,65,221,3,11
OMG (feat. will.i.am),Usher,atl hip hop,78,130,75,78,-6,36,33,269,20,3
Hey Daddy (Daddy's Home),Usher,atl hip hop,65,96,70,59,-4,11,35,224,0,3
No Hands (feat. Roscoe Dash & Wale),Waka Flocka Flame,atl hip hop,63,131,60,76,-6,24,36,264,1,4
We No Speak Americano (Edit),Yolanda Be Cool,australian dance,65,125,81,90,-5,9,75,157,7,5
BedRock,Young Money,dance pop,76,148,66,73,-6,19,56,288,10,30
Rolling in the Deep,Adele,british soul,84,105,77,73,-5,5,51,228,14,3
Set Fire to the Rain,Adele,british soul,81,108,67,60,-4,11,45,243,0,2
Mr. Saxobeat,Alexandra Stan,dance pop,69,127,93,72,-4,14,78,195,3,5
What the Hell,Avril Lavigne,canadian pop,80,150,93,58,-4,14,88,221,0,5
Lighters,Bad Meets Evil,detroit hip hop,74,90,70,68,-8,12,14,304,35,25
Love On Top,Beyoncé,dance pop,79,94,75,65,-5,60,65,267,8,9
Best Thing I Never Had,Beyoncé,dance pop,74,99,65,55,-4,9,30,254,14,3
Skinny Love,Birdy,pop,77,166,29,38,-8,12,17,201,95,5
Just Can’t Get Enough,Black Eyed Peas,dance pop,81,94,63,66,-9,11,26,219,19,18
Honey Bee,Blake Shelton,contemporary country,69,206,85,48,-5,12,72,211,0,4
Holocene,Bon Iver,eau claire indie,70,148,30,37,-15,13,15,337,94,3
I Wanna Go,Britney Spears,dance pop,71,130,55,70,-7,33,79,210,0,4
Till the World Ends,Britney Spears,dance pop,71,132,71,69,-6,20,45,238,2,7
Grenade,Bruno Mars,dance pop,82,110,56,70,-7,11,25,222,15,5
Marry You,Bruno Mars,dance pop,79,145,82,62,-5,10,45,230,33,4
The Lazy Song,Bruno Mars,dance pop,77,175,71,79,-5,10,96,189,30,7
Bounce (feat. Kelis) - Radio Edit,Calvin Harris,dance pop,67,128,96,78,-2,66,76,222,3,4
Blind Faith,Chase & Status,dancefloor dnb,66,140,85,45,-5,23,40,234,1,5
Champion (feat. Chris Brown),Chip,grime,54,190,93,42,-3,14,52,237,8,24
Look At Me Now (feat. Lil' Wayne & Busta Rhymes),Chris Brown,dance pop,77,146,68,77,-6,14,54,223,3,18
Yeah 3x,Chris Brown,dance pop,74,130,88,71,-3,9,70,242,0,4
Beautiful People,Chris Brown,dance pop,59,128,78,42,-6,8,54,226,7,16
Jar of Hearts,Christina Perri,dance pop,77,75,35,35,-6,12,9,247,73,3
You Make Me Feel... (feat. Sabi),Cobra Starship,dance pop,75,132,86,67,-3,4,75,216,2,5
Paradise,Coldplay,permanent wave,88,140,59,45,-7,8,21,279,5,3
Every Teardrop Is a Waterfall,Coldplay,permanent wave,75,118,73,43,-7,17,33,241,0,4
Where Them Girls At (feat. Nicki Minaj & Flo Rida),David Guetta,big room,69,130,87,66,-3,23,56,210,3,4
Who's That Chick? (feat. Rihanna),David Guetta,big room,66,128,60,68,-5,5,93,201,0,12
Coming Home,Diddy - Dirty Money,hip pop,74,168,84,39,-2,30,23,239,16,19
Louder,DJ Fresh,dancefloor dnb,40,140,93,39,-1,35,48,207,2,5
I'm On One,DJ Khaled,dance pop,75,149,81,41,-3,63,44,296,5,32
I Need A Doctor,Dr. Dre,g funk,77,156,95,59,-5,31,40,284,9,45
Headlines,Drake,canadian hip hop,80,152,57,64,-7,9,43,236,37,11
The A Team,Ed Sheeran,pop,80,85,29,64,-10,18,41,258,67,4
Lego House,Ed Sheeran,pop,77,160,64,59,-8,13,56,185,56,10
Stereo Love - Radio Edit,Edward Maya,romanian house,71,127,78,80,-4,8,59,185,3,3
Tonight (I'm Fuckin' You),Enrique Iglesias,dance pop,65,126,88,67,-5,14,27,232,3,4
Springsteen,Eric Church,contemporary country,77,104,81,69,-6,19,93,263,10,3
Changed the Way You Kiss Me - Radio Edit,Example,dance pop,69,127,86,58,-4,9,19,195,1,4
Rocketeer,Far East Movement,asian american hip hop,73,96,85,66,-6,27,36,211,18,5
Shake It Out,Florence + The Machine,baroque pop,68,107,80,53,-4,11,22,278,1,4
Pumped Up Kicks,Foster The People,indietronica,88,128,71,73,-6,10,97,240,14,3
Tongue Tied,Grouplove,indie pop,84,113,94,56,-6,16,37,218,1,4
Stereo Hearts (feat. Adam Levine),Gym Class Heroes,dance pop,87,90,80,65,-3,27,80,211,3,10
Tonight Tonight,Hot Chelle Rae,dance pop,79,100,78,69,-5,16,81,200,8,12
Dirt Road Anthem,Jason Aldean,contemporary country,77,127,74,68,-5,12,64,229,35,4
It Girl,Jason Derulo,dance pop,76,92,72,67,-5,10,35,192,2,6
Don't Wanna Go Home,Jason Derulo,dance pop,68,122,81,67,-5,13,64,206,2,7
On The Floor,Jennifer Lopez,dance pop,84,130,78,73,-5,7,57,285,11,5
Down On Me,Jeremih,chicago rap,77,160,60,70,-8,11,59,228,4,11
Do It Like A Dude,Jessie J,dance pop,53,140,84,66,-4,36,38,195,5,5
All Of The Lights,Kanye West,chicago rap,82,142,80,53,-3,18,22,300,8,7
Last Friday Night (T.G.I.F.),Katy Perry,dance pop,80,126,82,65,-4,67,77,231,0,4
Firework,Katy Perry,dance pop,72,124,83,64,-5,11,65,228,14,5
E.T.,Katy Perry,dance pop,71,152,87,62,-5,37,76,230,2,18
Motivation,Kelly Rowland,atl hip hop,70,141,67,74,-6,11,27,231,19,4
Pretty Girl Rock,Keri Hilson,dance pop,72,160,87,67,-5,9,90,244,20,25
We R Who We R,Kesha,dance pop,77,120,82,74,-5,12,65,205,1,4
Blow,Kesha,dance pop,75,120,73,75,-4,7,81,220,0,4
Earthquake (feat. Tinie Tempah),Labrinth,indie poptimism,68,153,86,54,-4,28,26,275,11,10
Just A Kiss,Lady A,contemporary country,69,143,64,59,-6,10,33,219,45,3
Born This Way,Lady Gaga,art pop,73,124,83,59,-5,33,49,260,0,16
The Edge Of Glory,Lady Gaga,art pop,68,128,77,58,-7,11,36,321,0,4
6 Foot 7 Foot,Lil Wayne,hip hop,77,79,75,37,-5,32,60,249,0,30
How To Love,Lil Wayne,hip hop,72,154,66,64,-6,11,27,240,0,4
Party Rock Anthem,LMFAO,dance pop,74,130,73,75,-4,27,36,262,2,14
Sexy And I Know It,LMFAO,dance pop,68,130,86,71,-4,19,80,199,10,32
The Show Goes On,Lupe Fiasco,chicago rap,76,143,89,59,-4,16,65,240,2,12
I Follow Rivers - The Magician Remix,Lykke Li,art pop,67,122,70,79,-6,8,30,280,2,4
Midnight City,M83,french shoegaze,76,105,71,53,-7,18,32,241,2,4
Donald Trump,Mac Miller,hip hop,67,163,90,64,-7,39,84,166,12,12
Buzzin Remix,Mann,pop rap,53,104,94,69,-4,28,54,224,9,15
"Moves Like Jagger - Studio Recording From ""The Voice"" Performance",Maroon 5,pop,75,128,76,72,-4,31,62,201,1,5
Sure Thing,Miguel,dance pop,84,81,61,68,-8,19,50,195,3,10
When We Stand Together,Nickelback,alternative metal,71,188,90,45,-4,4,88,191,0,5
Super Bass,Nicki Minaj,dance pop,83,127,86,72,-4,60,67,200,27,20
L.I.F.E.G.O.E.S.O.N.,Noah And The Whale,indie folk,63,82,75,60,-6,35,61,228,21,4
Heart Skips a Beat (feat. Rizzle Kicks),Olly Murs,dance pop,66,111,88,84,-4,8,88,202,14,6
Good Life,OneRepublic,dance pop,78,95,69,63,-8,13,65,253,8,5
Raise Your Glass,P!nk,dance pop,81,122,71,70,-5,3,62,203,0,8
"Give Me Everything (feat. Ne-Yo, Afrojack & Nayer)",Pitbull,dance pop,86,129,94,67,-3,30,53,252,19,16
Hey Baby (Drop It to the Floor) (feat. T-Pain),Pitbull,dance pop,76,128,91,60,-3,26,76,234,4,9
Read All About It,Professor Green,grime,35,101,75,66,-6,22,45,236,34,4
The Adventures of Rain Dance Maggie,Red Hot Chili Peppers,alternative rock,71,106,73,68,-5,26,58,282,0,3
S&M,Rihanna,barbadian pop,82,128,68,77,-5,9,84,244,1,4
We Found Love,Rihanna,barbadian pop,80,128,77,74,-4,11,60,215,3,4
What's My Name?,Rihanna,barbadian pop,75,100,78,69,-3,8,56,263,18,7
Down With The Trumpets,Rizzle Kicks,uk hip hop,65,115,88,75,-5,24,79,187,9,8
Loca People - Radio Edit,Sak Noel,electro house,45,128,81,93,-3,5,70,216,0,6
Love You Like A Love Song,Selena Gomez & The Scene,dance pop,85,117,68,86,-4,7,92,188,8,5
Who Says,Selena Gomez & The Scene,dance pop,81,101,93,68,-3,15,74,196,8,5
Sweat - Remix,Snoop Dogg,g funk,73,130,73,81,-6,8,73,196,6,3
Save The World,Swedish House Mafia,dance pop,70,127,67,51,-8,8,40,213,1,5
Higher,Taio Cruz,dance pop,51,128,92,67,-5,13,70,188,0,8
If I Die Young,The Band Perry,contemporary country,74,131,50,61,-7,28,36,223,35,3
Glad You Came,The Wanted,boy band,83,127,85,72,-4,11,45,198,3,6
More - RedOne Jimmy Joker Remix,Usher,atl hip hop,72,125,89,55,-3,35,79,220,0,5
No Hands (feat. Roscoe Dash & Wale),Waka Flocka Flame,atl hip hop,81,131,60,76,-6,24,36,264,1,4
Black and Yellow,Wiz Khalifa,dance pop,80,164,83,68,-5,27,54,218,6,7
Roll Up,Wiz Khalifa,dance pop,68,125,81,52,-5,9,60,228,5,19
Skyfall,Adele,british soul,80,76,55,35,-7,11,8,286,42,3
Rumour Has It,Adele,british soul,72,120,75,61,-5,17,57,223,62,4
Years,Alesso,dance pop,53,128,82,37,-6,17,32,195,0,8
Too Close,Alex Clare,modern alternative rock,67,126,71,58,-4,11,29,257,1,4
Breezeblocks,alt-J,indie rock,77,150,66,62,-7,21,29,227,10,3
R U Mine?,Arctic Monkeys,garage rock,39,97,79,52,-5,70,68,200,5,3
One Day / Reckoning Song (Wankelmut Remix) - Radio Edit,Asaf Avidan,israeli pop,72,119,67,83,-6,17,53,215,22,6
Levels - Radio Edit,Avicii,dance pop,82,126,89,58,-6,31,46,200,5,3
Silhouettes - Original Radio Edit,Avicii,dance pop,68,128,80,61,-6,12,84,212,16,5
212,Azealia Banks,dance pop,73,126,77,85,-6,8,62,205,1,26
So Good,B.o.B,atl hip hop,70,86,90,66,-5,22,59,213,4,14
Locked out of Heaven,Bruno Mars,dance pop,91,144,70,73,-4,31,87,233,5,4
It Will Rain,Bruno Mars,dance pop,74,150,84,58,-7,8,48,258,34,5
Feel So Close - Radio Edit,Calvin Harris,dance pop,85,128,92,71,-3,20,92,206,0,3
Let's Go (feat. Ne-Yo),Calvin Harris,dance pop,71,128,88,71,-3,29,88,233,1,6
We'll Be Coming Back (feat. Example),Calvin Harris,dance pop,68,128,95,60,-4,60,57,234,0,9
Call Me Maybe,Carly Rae Jepsen,canadian pop,76,120,58,78,-7,11,66,193,1,4
Blown Away,Carrie Underwood,contemporary country,68,137,84,53,-3,3,39,240,9,4
Want U Back,Cher Lloyd,dance pop,71,98,89,69,-3,56,56,215,6,9
Turn Up the Music,Chris Brown,dance pop,69,130,84,59,-6,16,64,228,0,10
Paradise,Coldplay,permanent wave,88,140,59,45,-7,8,21,279,5,3
Princess of China,Coldplay,permanent wave,72,85,69,42,-6,29,24,239,0,3
Turn Me On (feat. Nicki Minaj),David Guetta,big room,64,128,79,71,-2,57,41,200,5,6
In The Dark,DEV,dance pop,62,125,82,74,-4,33,44,226,0,7
Latch,Disclosure,edm,75,122,74,73,-5,9,54,256,2,9
Hot Right Now - Edit,DJ Fresh,dancefloor dnb,41,175,96,51,-2,12,39,179,1,4
Take Care,Drake,canadian hip hop,81,122,52,63,-10,9,30,277,3,27
The Motto,Drake,canadian hip hop,79,202,44,77,-9,11,39,182,0,36
Lights - Single Version,Ellie Goulding,dance pop,68,120,80,68,-6,13,78,211,3,4
Good Feeling,Flo Rida,dance pop,81,128,89,71,-4,31,68,248,6,7
Spectrum (Say My Name) - Calvin Harris Remix,Florence + The Machine,baroque pop,59,126,95,58,-4,10,59,218,0,5
Lost,Frank Ocean,alternative r&b,91,123,60,91,-5,17,50,234,3,23
Thinkin Bout You,Frank Ocean,alternative r&b,81,130,34,72,-11,10,20,201,41,5
We Are Young (feat. Janelle Monáe),fun.,baroque pop,79,184,64,38,-6,8,74,251,2,8
Some Nights,fun.,baroque pop,76,108,74,67,-7,9,39,277,2,5
Somebody That I Used To Know,Gotye,australian pop,81,129,50,86,-7,10,72,245,59,4
Oblivion,Grimes,art pop,71,156,53,70,-9,9,49,251,12,3
Ass Back Home (feat. Neon Hitch),Gym Class Heroes,dance pop,67,130,84,72,-4,15,65,222,13,5
I Love It (feat. Charli XCX),Icona Pop,candy pop,74,126,91,71,-3,15,82,157,1,3
It's Time,Imagine Dragons,modern rock,72,105,88,66,-5,14,86,238,2,4
On Top Of The World,Imagine Dragons,modern rock,72,100,93,64,-6,9,76,190,9,15
Ni**as In Paris,JAY-Z,east coast hip hop,88,140,86,79,-6,35,78,219,13,31
Boyfriend,Justin Bieber,canadian pop,68,97,55,72,-6,13,33,171,4,5
Mercy,Kanye West,chicago rap,79,140,50,56,-9,17,43,329,7,41
Brokenhearted,Karmin,dance pop,70,120,77,77,-3,5,89,227,1,6
The One That Got Away,Katy Perry,dance pop,78,134,79,69,-4,20,86,227,0,4
Part Of Me,Katy Perry,dance pop,78,130,92,68,-5,7,77,216,0,4
Swimming Pools (Drank) - Extended Version,Kendrick Lamar,conscious hip hop,76,74,49,72,-8,60,26,314,12,40
m.A.A.d city,Kendrick Lamar,conscious hip hop,73,91,73,49,-7,44,22,350,5,27
Die Young,Kesha,dance pop,83,128,70,71,-5,22,80,212,0,5
C'Mon,Kesha,dance pop,67,126,78,56,-5,10,29,214,1,10
Ride,Lana Del Rey,art pop,64,94,69,37,-6,38,19,289,13,3
Video Games,Lana Del Rey,art pop,63,122,25,39,-10,9,18,282,81,3
Born To Die,Lana Del Rey,art pop,62,86,63,39,-7,20,40,286,20,4
BURN IT DOWN,Linkin Park,alternative metal,79,110,97,59,-4,7,59,230,1,5
Sexy And I Know It,LMFAO,dance pop,68,130,86,71,-4,19,80,199,10,32
Battle Scars (with Guy Sebastian),Lupe Fiasco,chicago rap,74,168,81,52,-5,11,49,250,19,29
Primadonna,MARINA,art pop,84,128,69,66,-3,9,43,221,9,3
How to Be a Heartbreaker,MARINA,art pop,77,140,90,69,-5,11,85,221,1,5
One More Night,Maroon 5,pop,74,93,82,72,-3,8,61,219,4,3
Payphone,Maroon 5,pop,69,110,76,74,-5,37,52,231,1,4
Adorn,Miguel,dance pop,72,179,58,63,-6,19,24,193,5,18
Madness,Muse,modern rock,72,180,42,50,-8,11,22,281,13,7
Everybody Talks,Neon Trees,modern alternative rock,85,155,92,47,-4,31,73,177,0,6
Starships,Nicki Minaj,dance pop,78,125,72,75,-2,25,75,211,14,8
Pound The Alarm,Nicki Minaj,dance pop,69,125,86,73,-4,2,59,206,4,6
Dirty Paws,Of Monsters and Men,folk-pop,74,112,65,36,-7,6,13,278,11,3
Troublemaker (feat. Flo Rida),Olly Murs,dance pop,80,106,86,76,-4,13,97,186,2,6
What Makes You Beautiful,One Direction,boy band,88,125,79,73,-2,6,89,200,1,7
Live While We're Young,One Direction,boy band,79,126,86,66,-2,14,93,200,5,5
Million Voices - Radio Edit,Otto Knows,edm,75,126,89,58,-6,7,7,193,0,4
Good Time,Owl City,indietronica,82,126,87,56,-4,37,68,206,2,14
Blow Me (One Last Kiss),P!nk,dance pop,71,114,92,60,-3,28,73,256,0,4
Take a Walk,Passion Pit,alternative dance,74,101,76,57,-6,32,45,264,3,4
"Gone, Gone, Gone",Phillip Phillips,folk-pop,76,118,64,66,-6,11,50,210,13,4
Home,Phillip Phillips,folk-pop,73,121,83,61,-6,12,32,210,3,3
Gangnam Style (강남스타일),PSY,k-pop,77,132,94,73,-3,9,75,219,0,29
We Found Love,Rihanna,barbadian pop,80,128,77,74,-4,11,60,215,3,4
Where Have You Been,Rihanna,barbadian pop,76,128,85,72,-6,22,44,243,0,9
R.I.P. (feat. Tinie Tempah),Rita Ora,dance pop,52,72,83,61,-3,65,35,228,3,5
Mama Do The Hump,Rizzle Kicks,uk hip hop,61,98,89,72,-4,7,56,216,1,13
Candy,Robbie Williams,dance pop,73,116,79,72,-7,7,88,201,4,4
Feel the Love (feat. John Newman),Rudimental,dance pop,52,180,71,39,-7,69,24,245,0,6
Hands on the Wheel (feat. Asap Rocky),ScHoolboy Q,gangster rap,67,128,78,65,-7,7,18,197,2,11
Bangarang (feat. Sirah),Skrillex,brostep,75,110,97,72,-2,32,58,215,1,20
"Young, Wild & Free (feat. Bruno Mars)",Snoop Dogg,g funk,82,95,66,72,-6,12,53,207,5,14
Don't You Worry Child - Radio Edit,Swedish House Mafia,dance pop,81,129,84,61,-3,12,44,213,11,5
I Knew You Were Trouble.,Taylor Swift,pop,82,77,47,62,-7,3,68,220,0,4
We Are Never Ever Getting Back Together,Taylor Swift,pop,80,86,68,63,-6,12,75,193,1,9
Ho Hey,The Lumineers,folk-pop,77,80,47,69,-9,9,35,163,79,3
Chasing The Sun,The Wanted,boy band,74,128,73,64,-6,50,68,199,24,10
Angels,The xx,downtempo,68,92,16,42,-18,10,34,172,95,4
Drive By,Train,dance pop,82,122,84,77,-3,8,72,196,0,3
50 Ways to Say Goodbye,Train,dance pop,73,140,94,59,-3,14,74,248,0,5
Heart Attack,Trey Songz,dance pop,61,150,86,61,-5,23,48,233,6,13
Rack City,Tyga,dance pop,67,99,34,93,-11,19,27,203,4,37
Faded,Tyga,dance pop,63,95,67,83,-8,35,34,207,1,19
Climax,Usher,atl hip hop,65,136,48,65,-9,16,33,233,55,8
Anna Sun,WALK THE MOON,dance pop,68,140,84,47,-7,24,34,321,0,5
"Work Hard, Play Hard",Wiz Khalifa,dance pop,67,140,67,79,-4,30,49,219,4,5
We Own It (Fast & Furious),2 Chainz,atl hip hop,75,172,90,56,-5,5,56,228,5,40
"F**kin' Problems (feat. Drake, 2 Chainz & Kendrick Lamar)",A$AP Rocky,east coast hip hop,81,96,69,85,-7,11,66,234,2,28
Why'd You Only Call Me When You're High?,Arctic Monkeys,garage rock,90,92,63,69,-6,10,80,161,5,4
Do I Wanna Know?,Arctic Monkeys,garage rock,89,85,53,55,-8,22,41,272,19,3
The Way,Ariana Grande,dance pop,71,82,88,65,-3,8,86,227,29,11
Wake Me Up,Avicii,dance pop,89,124,78,53,-6,16,64,247,0,5
I Could Be The One (Avicii Vs. Nicky Romero) - Radio Edit,Avicii,dance pop,73,128,79,51,-4,32,64,208,33,4
Here's to Never Growing Up,Avril Lavigne,canadian pop,75,165,87,48,-3,41,74,214,1,9
Sail,AWOLNATION,la indie,80,119,44,83,-10,10,27,259,44,6
Harlem Shake,Baauer,bass trap,63,138,79,45,-5,42,28,197,1,5
Pompeii,Bastille,metropopolis,80,127,72,68,-6,27,57,214,8,4
Of The Night,Bastille,metropopolis,66,125,83,67,-7,9,35,214,2,4
Get Up (Rattle),Bingo Players,big room,61,128,98,80,-3,26,80,167,2,7
Sure Be Cool If You Did,Blake Shelton,contemporary country,61,137,73,58,-5,11,58,216,26,4
Ready or Not,Bridgit Mendler,dance pop,77,93,87,72,-4,11,75,201,0,5
Work Bitch,Britney Spears,dance pop,76,128,82,63,-7,7,85,248,16,16
Locked out of Heaven,Bruno Mars,dance pop,91,144,70,73,-4,31,87,233,5,4
When I Was Your Man,Bruno Mars,dance pop,89,73,28,61,-9,9,39,214,93,4
Treasure,Bruno Mars,dance pop,83,116,69,87,-5,32,94,179,4,4
Sweet Nothing (feat. Florence Welch),Calvin Harris,dance pop,76,128,93,57,-4,6,58,213,20,11
I Need Your Love (feat. Ellie Goulding),Calvin Harris,dance pop,75,125,87,70,-5,24,58,235,41,5
Thinking About You (feat. Ayah Marar),Calvin Harris,dance pop,71,128,87,73,-4,10,75,248,0,4
Drinking from the Bottle (feat. Tinie Tempah),Calvin Harris,dance pop,67,128,89,67,-4,5,53,240,5,5
Safe And Sound,Capital Cities,metropopolis,87,118,82,66,-5,10,77,193,0,3
3005,Childish Gambino,atl hip hop,83,166,45,47,-7,9,64,234,11,33
Fine China,Chris Brown,dance pop,66,104,73,65,-5,12,59,213,4,6
The Mother We Share,CHVRCHES,electropop,61,174,69,46,-6,13,34,191,3,3
Body Party,Ciara,dance pop,70,134,58,58,-6,60,12,234,1,6
Get Lucky (feat. Pharrell Williams & Nile Rodgers) - Radio Edit,Daft Punk,electro,88,116,81,79,-9,10,86,248,4,4
Lose Yourself to Dance (feat. Pharrell Williams),Daft Punk,electro,74,100,66,83,-8,8,67,354,8,6
Play Hard (feat. Ne-Yo & Akon),David Guetta,big room,65,130,92,69,-2,33,80,201,17,5
Heart Attack,Demi Lovato,dance pop,85,174,79,50,-5,24,50,211,7,10
White Noise,Disclosure,edm,54,120,85,68,-6,35,87,278,1,5
"Hold On, We're Going Home",Drake,canadian hip hop,76,100,41,78,-7,7,29,228,0,9
Started From the Bottom,Drake,canadian hip hop,71,86,52,79,-8,16,58,174,3,16
Need U (100%) (feat. A*M*E) - Radio Edit,Duke Dumont,destroy techno,65,124,85,67,-5,39,46,174,0,5
The Monster,Eminem,detroit hip hop,81,110,85,78,-4,12,62,250,5,7
Berzerk,Eminem,detroit hip hop,72,95,87,74,-4,26,68,239,2,33
My Songs Know What You Did In The Dark (Light Em Up),Fall Out Boy,emo,77,152,92,56,-4,54,57,187,3,6
I Cry,Flo Rida,dance pop,69,126,82,69,-5,32,76,224,1,4
Cruise,Florida Georgia Line,contemporary country,63,148,95,46,-3,5,88,209,2,4
I Love It (feat. Charli XCX),Icona Pop,candy pop,74,126,91,71,-3,15,82,157,1,3
Demons,Imagine Dragons,modern rock,78,90,71,51,-3,33,43,175,19,3
Radioactive,Imagine Dragons,modern rock,77,136,78,45,-4,67,24,187,11,6
Power Trip (feat. Miguel),J. Cole,conscious hip hop,81,100,61,67,-7,43,48,241,32,22
Talk Dirty (feat. 2 Chainz),Jason Derulo,dance pop,71,100,65,76,-7,31,76,178,3,23
The Other Side,Jason Derulo,dance pop,66,128,84,56,-4,14,52,227,5,10
Holy Grail,JAY-Z,east coast hip hop,68,145,53,68,-7,26,16,338,6,8
Love Me Again,John Newman,dance pop,69,126,89,50,-5,10,21,240,0,4
Beauty And A Beat,Justin Bieber,canadian pop,78,128,84,60,-5,7,53,228,0,6
Mirrors,Justin Timberlake,dance pop,83,77,51,57,-7,9,51,484,23,5
Suit & Tie (feat. Jay-Z),Justin Timberlake,dance pop,72,102,60,80,-4,16,36,326,10,22
Black Skinhead,Kanye West,chicago rap,80,130,81,77,-6,17,33,188,0,28
This Is How We Do,Katy Perry,dance pop,66,96,64,69,-6,15,80,204,2,5
Sonnentanz - Sun Don't Shine,Klangkarussell,austrian pop,56,120,54,59,-8,11,17,236,11,9
All I Want,Kodaline,irish pop,86,187,41,19,-10,8,16,306,17,5
High Hopes,Kodaline,irish pop,73,77,49,49,-6,19,22,230,58,3
Summertime Sadness (Lana Del Rey Vs. Cedric Gervais) - Cedric Gervais Remix,Lana Del Rey,art pop,78,126,81,57,-6,13,11,215,2,6
Love Me,Lil Wayne,hip hop,73,125,63,67,-6,9,50,255,1,3
Somewhere Only We Know,Lily Allen,dance pop,56,81,29,31,-11,10,29,209,93,3
Royals,Lorde,art pop,83,85,43,67,-10,13,34,190,12,12
Team,Lorde,art pop,82,100,58,69,-7,31,42,193,17,9
Can't Hold Us (feat. Ray Dalton),Macklemore & Ryan Lewis,dance pop,87,146,92,64,-4,9,85,258,3,8
Thrift Shop (feat. Wanz),Macklemore & Ryan Lewis,dance pop,79,95,53,78,-7,5,67,236,6,29
Same Love (feat. Mary Lambert),Macklemore & Ryan Lewis,dance pop,69,85,47,69,-9,10,30,319,72,17
Daylight,Maroon 5,pop,66,120,68,66,-6,21,33,225,0,3
Animals - Radio Edit,Martin Garrix,dance pop,64,128,91,59,-5,7,4,176,0,4
It's a Beautiful Day,Michael Bublé,adult standards,71,144,80,53,-4,30,78,199,6,4
We Can't Stop,Miley Cyrus,dance pop,83,80,62,61,-6,37,48,231,1,3
I Will Wait,Mumford & Sons,modern folk rock,73,131,76,48,-5,31,45,277,1,3
La La La,Naughty Boy,tropical house,63,125,68,75,-4,11,25,221,11,3
Hey Porsche,Nelly,dance pop,49,116,79,73,-5,65,95,209,15,3
Little Talks,Of Monsters and Men,folk-pop,85,103,76,46,-5,15,42,267,2,3
Best Song Ever,One Direction,boy band,81,118,88,65,-3,8,49,200,2,5
One Way or Another (Teenage Kicks),One Direction,boy band,71,162,87,49,-3,59,41,157,3,7
True Love (feat. Lily Allen),P!nk,dance pop,76,192,82,46,-5,11,58,231,0,31
Still into You,Paramore,candy pop,85,136,92,60,-4,6,77,216,1,4
Ain't It Fun,Paramore,candy pop,78,104,89,61,-4,2,67,297,15,9
Home,Phillip Phillips,folk-pop,73,121,83,61,-6,12,32,210,3,3
Feel This Moment (feat. Christina Aguilera),Pitbull,dance pop,82,136,76,67,-4,34,54,230,4,16
Don't Stop the Party (feat. TJR),Pitbull,dance pop,69,127,96,72,-4,38,95,206,1,9
Blurred Lines,Robin Thicke,contemporary r&b,61,120,50,86,-8,8,88,263,0,5
Waiting All Night (feat. Ella Eyre),Rudimental,dance pop,50,175,73,54,-5,43,28,293,0,5
Reload - Radio Edit,Sebastian Ingrosso,dance pop,73,128,72,49,-5,6,43,221,7,5
Come & Get It,Selena Gomez,dance pop,75,80,79,55,-4,8,57,232,1,5
Look Right Through - MK Vocal Edit,Storm Queen,deep disco house,44,120,82,83,-8,28,51,148,0,8
Papaoutai,Stromae,belgian pop,60,116,81,73,-7,6,25,232,3,8
I Knew You Were Trouble.,Taylor Swift,pop,82,77,47,62,-7,3,68,220,0,4
22,Taylor Swift,pop,74,104,73,66,-7,5,67,232,0,4
Everything Has Changed,Taylor Swift,pop,71,80,46,62,-7,31,44,245,36,3
Chocolate,The 1975,modern alternative rock,66,100,94,59,-4,38,68,225,0,5
Ho Hey,The Lumineers,folk-pop,77,80,47,69,-9,9,35,163,79,3
Sweater Weather,The Neighbourhood,modern alternative rock,95,124,81,61,-3,10,40,240,5,3
What About Us,The Saturdays,bubblegum dance,67,124,68,70,-5,21,69,221,1,6
Another Love,Tom Odell,chill pop,94,123,54,45,-9,9,13,244,70,4
Bad (feat. Rihanna) - Remix,Wale,gangster rap,67,114,70,81,-7,11,45,239,31,7
Scream & Shout,will.i.am,dance pop,83,130,69,77,-7,13,50,283,2,7
#thatPOWER,will.i.am,dance pop,74,128,61,80,-6,7,40,280,0,6
The Fox (What Does the Fox Say?),Ylvis,comic,68,128,87,70,-4,12,55,214,11,5
Clarity,Zedd,complextro,80,128,78,51,-3,7,18,271,4,7
She Looks So Perfect,5 Seconds of Summer,boy band,78,160,95,49,-4,33,44,202,0,13
Amnesia,5 Seconds of Summer,boy band,71,102,50,57,-5,21,11,237,3,3
Heroes (we could be),Alesso,dance pop,58,126,75,52,-4,24,35,210,4,6
The Man,Aloe Blacc,pop soul,63,82,77,31,-7,21,49,255,3,7
Best Day Of My Life,American Authors,indie poptimism,83,100,90,67,-2,6,54,194,6,3
Love Me Harder,Ariana Grande,dance pop,80,99,71,47,-4,8,24,236,1,3
Problem,Ariana Grande,dance pop,78,103,81,66,-5,16,63,194,2,15
Break Free,Ariana Grande,dance pop,80,130,70,69,-5,20,28,215,1,5
Hey Brother,Avicii,dance pop,82,125,78,55,-5,8,46,255,3,4
Shower,Becky G,dance pop,83,120,53,70,-8,28,12,206,3,5
Drunk in Love (feat. Jay-Z),Beyoncé,dance pop,75,140,62,59,-7,18,40,323,1,5
Hot N*gga,Bobby Shmurda,nyc rap,78,168,51,79,-7,6,18,195,5,42
Summer,Calvin Harris,dance pop,86,128,86,60,-4,14,74,223,2,3
Blame (feat. John Newman),Calvin Harris,dance pop,81,128,86,41,-4,34,35,213,3,8
Under Control (feat. Hurts),Calvin Harris,dance pop,77,126,92,54,-3,12,51,184,13,8
Boom Clap,Charli XCX,art pop,54,92,91,66,-2,19,58,170,15,8
Loyal (feat. Lil Wayne & Tyga),Chris Brown,dance pop,78,99,52,84,-6,19,62,265,2,5
New Flame (feat. Usher & Rick Ross),Chris Brown,dance pop,73,142,63,70,-4,10,45,244,5,4
Rather Be (feat. Jess Glynne),Clean Bandit,dance pop,77,121,59,80,-7,19,55,228,16,4
First,Cold War Kids,alternative rock,71,78,69,47,-4,52,56,200,2,3
Magic,Coldplay,permanent wave,78,93,48,74,-9,11,35,285,3,4
A Sky Full of Stars,Coldplay,permanent wave,85,125,68,55,-6,21,16,268,1,3
Bad (feat. Vassy) - Radio Edit,David Guetta,big room,56,128,97,61,-4,33,41,171,0,9
Lovers on the Sun (feat. Sam Martin),David Guetta,big room,53,125,89,65,-3,38,57,204,9,4
Latch,Disclosure,edm,75,122,74,73,-5,9,54,256,2,9
Turn Down for What,DJ Snake,dance pop,76,100,80,82,-4,6,8,214,0,16
You Know You Like It,DJ Snake,dance pop,75,196,73,41,-5,31,25,247,1,19
I Got U,Duke Dumont,destroy techno,65,121,76,64,-8,9,46,286,0,4
Cool Kids,Echosmith,dance pop,76,130,67,72,-6,12,79,238,4,3
Don't,Ed Sheeran,pop,78,95,61,81,-7,64,85,220,1,7
Sing,Ed Sheeran,pop,75,120,67,82,-4,6,94,235,30,5
Ugly Heart,G.R.L.,dance pop,70,125,79,65,-5,32,45,198,2,5
Budapest,George Ezra,folk-pop,83,128,46,72,-8,11,39,201,8,3
Blame It on Me,George Ezra,folk-pop,73,104,76,54,-3,34,42,196,47,3
Ready For Your Love,Gorgon City,deep groove house,51,122,75,68,-7,33,47,199,5,15
Fancy,Iggy Azalea,australian hip hop,74,95,72,91,-4,5,38,200,9,7
Black Widow,Iggy Azalea,australian hip hop,71,164,72,74,-4,11,52,209,19,12
Talk Dirty (feat. 2 Chainz),Jason Derulo,dance pop,71,100,65,76,-7,31,76,178,3,23
Wiggle (feat. Snoop Dogg),Jason Derulo,dance pop,63,82,62,70,-7,16,72,193,8,25
Trumpets,Jason Derulo,dance pop,69,82,69,64,-5,10,64,217,56,26
Don't Tell 'Em,Jeremih,chicago rap,80,98,53,86,-5,11,39,267,39,10
Bang Bang,Jessie J,dance pop,83,150,79,71,-3,38,75,199,26,9
All of Me,John Legend,neo soul,90,120,26,42,-7,13,33,270,92,3
Not a Bad Thing,Justin Timberlake,dance pop,61,86,56,31,-9,13,11,688,53,7
Dark Horse,Katy Perry,dance pop,79,132,59,65,-6,17,35,216,0,5
Show Me (feat. Chris Brown),Kid Ink,dance pop,74,98,51,71,-7,14,66,218,4,5
Hideaway,Kiesza,electropop,70,123,72,84,-4,8,20,252,9,5
Jubel - Radio Edit,Klingande,deep house,55,125,52,69,-7,14,10,202,65,3
Jealous,Labrinth,indie poptimism,82,117,15,44,-9,11,10,288,87,5
Prayer in C - Robin Schulz Radio Edit,Lilly Wood and The Prick,french indie pop,77,123,88,76,-6,60,80,189,2,3
Team,Lorde,art pop,82,100,58,69,-7,31,42,193,17,9
Rude,MAGIC!,reggae fusion,85,144,76,77,-5,31,93,225,4,4
Maps,Maroon 5,pop,87,120,71,74,-6,6,88,190,2,3
Animals,Maroon 5,pop,85,190,74,28,-6,59,33,231,0,9
Sugar,Maroon 5,pop,85,120,79,75,-7,9,88,235,6,3
All About That Bass,Meghan Trainor,dance pop,78,134,89,81,-4,12,96,188,6,5
Stolen Dance,Milky Chance,german pop,78,114,58,89,-9,8,73,314,43,4
Classic,MKTO,dance pop,87,102,79,72,-5,16,76,175,4,12
Waves - Robin Schulz Radio Edit,Mr. Probz,dutch hip hop,82,120,51,83,-9,8,45,208,1,4
Somebody,Natalie La Rose,chicago rap,71,105,52,83,-9,7,74,190,0,4
Jealous - Remix,Nick Jonas,dance pop,71,93,71,68,-4,44,45,222,1,8
Anaconda,Nicki Minaj,dance pop,70,130,61,96,-6,21,65,260,7,18
Am I Wrong,Nico & Vinz,pop rap,82,120,68,73,-6,55,78,246,18,3
CoCo,O.T. Genasis,pop rap,66,120,63,89,-6,31,18,240,0,13
Gecko (Overdrive) - Radio Edit,Oliver Heldens,dance pop,73,125,89,61,-5,34,76,165,1,6
Wrapped Up,Olly Murs,dance pop,68,122,84,79,-5,16,92,186,9,6
Post to Be (feat. Chris Brown & Jhene Aiko),Omarion,dance pop,60,97,68,73,-6,21,70,227,7,4
Night Changes,One Direction,boy band,88,120,52,67,-8,12,37,227,86,4
Steal My Girl,One Direction,boy band,84,77,77,54,-6,11,55,228,0,3
Counting Stars,OneRepublic,dance pop,80,122,71,66,-5,12,48,258,7,4
Love Runs Out,OneRepublic,dance pop,65,120,94,72,-4,10,74,224,17,6
Only Love Can Hurt Like This,Paloma Faith,british soul,85,91,89,57,-5,33,30,233,10,8
Ain't It Fun,Paramore,candy pop,78,104,89,61,-4,2,67,297,15,9
High (feat. Nicole Millar),Peking Duk,aussietronica,54,100,80,53,-4,29,38,228,0,5
"Happy - From ""Despicable Me 2""",Pharrell Williams,pop rap,85,160,82,65,-5,9,96,233,22,18
Timber (feat. Ke$ha),Pitbull,dance pop,86,130,96,58,-4,14,79,204,3,10
Me And My Broken Heart,Rixton,pop,83,174,78,55,-4,13,55,194,0,3
My Love (feat. Jess Glynne),Route 94,deep groove house,78,120,62,81,-8,7,73,260,0,5
Stay With Me,Sam Smith,dance pop,86,84,42,42,-6,11,18,173,59,4
Money On My Mind,Sam Smith,dance pop,67,134,84,69,-5,23,74,193,20,18
Collard Greens,ScHoolboy Q,gangster rap,84,154,57,83,-5,21,65,300,3,6
Man Of The Year,ScHoolboy Q,gangster rap,76,112,87,75,-5,20,37,216,1,4
Geronimo,Sheppard,australian indie,69,142,78,71,-6,12,46,218,46,8
Chandelier,Sia,australian dance,73,117,79,40,-3,7,57,216,2,5
Elastic Heart,Sia,australian dance,68,130,79,42,-5,15,50,257,1,5
Nobody To Love,Sigma,dance pop,55,88,91,52,-3,20,23,190,0,4
Style,Taylor Swift,pop,66,95,79,59,-6,12,49,231,0,4
Bad Blood,Taylor Swift,pop,60,170,79,65,-6,20,29,212,9,19
Shake It Off,Taylor Swift,pop,77,160,79,65,-5,15,94,219,6,17
#SELFIE,The Chainsmokers,dance pop,69,128,92,79,-3,8,66,184,1,25
Superheroes,The Script,celtic rock,79,167,89,49,-4,7,64,245,0,4
Wasted,Tiësto,big room,68,112,82,64,-6,20,39,190,0,3
Red Lights,Tiësto,big room,72,125,83,65,-5,12,55,262,0,4
2 On (feat. ScHoolboy Q),Tinashe,alternative r&b,77,101,60,74,-8,11,43,227,15,11
Habits (Stay High),Tove Lo,art pop,78,110,65,73,-4,8,35,209,7,3
Talking Body,Tove Lo,art pop,72,120,76,74,-5,8,11,238,10,3
Na Na,Trey Songz,dance pop,68,97,48,67,-6,10,24,232,33,4
Riptide,Vance Joy,folk-pop,83,102,73,48,-7,15,51,204,43,4
Stay The Night - Featuring Hayley Williams Of Paramore,Zedd,complextro,69,128,74,60,-3,9,46,217,11,4
Faded,ZHU,edm,66,125,48,87,-7,11,61,223,1,5
Ghost Town,Adam Lambert,dance pop,69,120,74,70,-6,17,27,208,19,5
Here,Alessia Cara,canadian contemporary r&b,71,120,82,38,-4,8,33,199,8,10
"Honey, I'm Good.",Andy Grammer,dance pop,78,122,78,75,-7,35,60,199,3,5
Love Me Harder,Ariana Grande,dance pop,79,99,71,47,-4,8,24,236,1,3
The Nights,Avicii,dance pop,89,126,84,53,-5,25,65,177,2,4
Waiting For Love,Avicii,dance pop,84,128,74,58,-4,20,61,231,31,5
  7/11,Beyoncé,dance pop,74,136,71,75,-5,13,56,214,1,13
I Don't Fuck With You,Big Sean,detroit hip hop,80,98,73,82,-5,33,40,284,4,6
Electric Love,BØRNS,modern rock,86,120,80,61,-8,26,52,218,1,5
Don't,Bryson Tiller,kentucky hip hop,83,97,36,77,-6,10,19,198,22,20
Outside (feat. Ellie Goulding),Calvin Harris,dance pop,82,128,82,65,-4,32,42,227,21,4
How Deep Is Your Love,Calvin Harris,dance pop,80,122,87,74,-4,39,34,213,4,7
Ayo,Chris Brown,dance pop,76,98,56,82,-5,9,68,225,4,4
Cool for the Summer,Demi Lovato,dance pop,78,114,61,58,-6,14,34,215,0,4
Confident,Demi Lovato,dance pop,69,130,75,59,-6,9,34,206,0,7
Five More Hours,Deorro,dance pop,74,128,88,70,-3,82,50,212,3,22
Omen - Radio Edit,Disclosure,edm,68,106,79,67,-5,36,62,197,12,14
You Know You Like It,DJ Snake,dance pop,74,196,73,41,-5,31,25,247,1,19
Hotline Bling,Drake,canadian hip hop,82,135,63,89,-8,5,55,267,0,6
Jumpman,Drake,canadian hip hop,76,142,55,85,-7,33,66,206,6,19
Thinking out Loud,Ed Sheeran,pop,86,79,45,78,-6,18,59,282,47,3
"Love Me Like You Do - From ""Fifty Shades Of Grey""",Ellie Goulding,dance pop,83,190,61,26,-7,13,28,253,25,5
On My Mind,Ellie Goulding,dance pop,69,155,71,70,-7,9,74,213,26,5
Centuries,Fall Out Boy,emo,84,176,86,39,-3,10,56,228,0,7
679 (feat. Remy Boyz),Fetty Wap,new jersey rap,79,190,72,62,-6,63,60,197,0,32
Trap Queen,Fetty Wap,new jersey rap,78,148,87,75,-4,35,82,222,2,13
My Way (feat. Monty),Fetty Wap,new jersey rap,71,128,74,75,-3,15,54,213,0,5
My House,Flo Rida,dance pop,81,94,70,69,-5,13,74,192,2,5
GDFR (feat. Sage the Gemini & Lookas),Flo Rida,dance pop,75,146,83,66,-4,7,69,190,0,7
Mountain at My Gates,Foals,indie rock,69,104,93,50,-5,25,62,244,0,5
Runaway (U & I),Galantis,dance pop,79,126,81,51,-4,9,38,227,1,5
Barcelona,George Ezra,folk-pop,70,94,57,63,-9,11,18,189,32,3
Love Myself,Hailee Steinfeld,dance pop,75,123,76,62,-7,42,32,219,0,7
Take Me to Church,Hozier,irish singer-songwriter,80,129,66,57,-5,12,44,242,63,5
Where Are Ü Now (with Justin Bieber),Jack Ü,edm,78,139,78,43,-4,8,20,250,4,6
oui,Jeremih,chicago rap,82,79,72,42,-4,11,60,238,21,10
Classic Man (feat. Roman GianArthur),Jidenna,ghanaian hip hop,63,94,59,79,-6,29,59,226,19,3
What Do You Mean?,Justin Bieber,canadian pop,81,125,57,85,-8,8,79,206,59,10
Way down We Go,KALEO,icelandic indie,81,163,51,49,-8,10,34,214,58,12
King Kunta,Kendrick Lamar,conscious hip hop,79,107,66,88,-5,15,49,235,1,10
Stole the Show,Kygo,edm,78,100,64,64,-8,32,48,223,27,23
Nothing Left (feat. Will Heard),Kygo,edm,59,154,58,68,-7,37,35,237,26,4
High By The Beach,Lana Del Rey,art pop,71,132,49,54,-11,12,10,258,24,3
Hurt Me,Låpsley,electropop,55,138,73,66,-5,16,59,231,69,13
Closer,Lemaitre,alternative dance,64,92,79,58,-4,12,36,271,0,3
Lot to Learn,Luke Christopher,indie pop rap,66,82,85,41,-4,7,60,248,9,20
Lean On,Major Lazer,dance pop,76,98,81,72,-3,56,27,177,0,6
Light It Up - Remix,Major Lazer,dance pop,71,108,88,75,-4,23,75,166,4,7
Uptown Funk (feat. Bruno Mars),Mark Ronson,dance pop,86,115,61,86,-7,3,93,270,1,8
Intoxicated - Radio Edit,Martin Solveig,dance pop,62,125,69,79,-4,10,50,160,0,4
All Eyes on You (feat. Chris Brown & Nicki Minaj),Meek Mill,hip hop,73,78,66,59,-5,12,25,224,2,20
Believe,Mumford & Sons,modern folk rock,61,114,62,36,-7,22,42,221,3,4
Somebody,Natalie La Rose,chicago rap,69,105,52,83,-9,7,74,190,0,4
That's How You Know (feat. Kid Ink & Bebe Rexha),Nico & Vinz,pop rap,62,104,44,77,-6,12,74,186,44,4
Drive,Oh Wonder,electropop,65,142,46,66,-8,8,38,196,71,10
Post to Be (feat. Chris Brown & Jhene Aiko),Omarion,dance pop,76,97,68,73,-6,21,70,227,7,4
Drag Me Down,One Direction,boy band,84,138,70,73,-6,7,60,192,11,4
Perfect,One Direction,boy band,81,100,82,65,-5,12,40,230,6,8
Sunset Lover,Petit Biscuit,new french touch,75,91,47,78,-9,11,24,238,73,5
Wish You Were Mine - Radio Edit,Philip George,deep groove house,70,123,83,65,-4,10,41,178,1,3
Time of Our Lives,Pitbull,dance pop,85,124,80,72,-6,69,72,229,9,6
No Type,Rae Sremmurd,hip hop,77,125,49,89,-8,9,24,200,2,16
"Flex (Ooh, Ooh, Ooh)",Rich Homie Quan,atl hip hop,70,82,61,73,-8,19,89,177,4,5
FourFiveSeconds,Rihanna,barbadian pop,82,206,27,58,-6,13,35,188,88,5
Bitch Better Have My Money,Rihanna,barbadian pop,78,103,73,78,-5,26,40,219,5,6
Chill Bill (feat. J. Davi$ & Spooks),Rob $tone,san diego rap,81,108,43,89,-10,9,23,177,3,14
Sugar (feat. Francesco Yates),Robin Schulz,dance pop,81,123,82,64,-5,16,64,219,2,6
Lay It All on Me (feat. Ed Sheeran),Rudimental,dance pop,55,123,75,67,-7,19,48,242,14,4
Like I Can,Sam Smith,dance pop,85,100,63,66,-7,12,48,167,34,4
You Don't Own Me (feat. G-Eazy),SAYGRACE,dance pop,60,186,66,34,-6,6,29,199,17,10
Same Old Love,Selena Gomez,dance pop,70,98,59,67,-4,21,44,229,2,3
Hands To Myself,Selena Gomez,dance pop,68,111,50,81,-7,34,47,201,1,12
Good For You,Selena Gomez,dance pop,62,89,68,61,-6,9,21,222,18,5
Geronimo,Sheppard,australian indie,68,142,78,71,-6,12,46,218,46,8
Easy Love,Sigala,dance pop,70,124,94,68,-4,12,65,230,18,6
All My Friends (feat. Tinashe & Chance the Rapper),Snakehips,edm,77,95,52,68,-6,11,18,230,12,14
The Less I Know The Better,Tame Impala,australian psych,88,117,74,64,-4,17,79,216,1,3
Blank Space,Taylor Swift,pop,79,96,68,75,-5,13,58,232,9,6
Wildest Dreams,Taylor Swift,pop,76,140,67,55,-7,11,47,220,7,7
Bad Blood,Taylor Swift,pop,75,170,66,65,-7,14,22,200,3,11
Style,Taylor Swift,pop,75,95,79,60,-6,12,46,231,0,4
Spirits,The Strumbellas,canadian indie,75,81,66,56,-6,11,79,204,16,3
The Hills,The Weeknd,canadian contemporary r&b,88,113,56,59,-7,14,14,242,7,5
Can't Feel My Face,The Weeknd,canadian contemporary r&b,83,108,77,71,-6,11,58,214,11,4
"Earned It (Fifty Shades Of Grey) - From The ""Fifty Shades Of Grey"" Soundtrack",The Weeknd,canadian contemporary r&b,81,120,38,66,-6,10,43,252,39,3
In The Night,The Weeknd,canadian contemporary r&b,76,168,68,51,-5,5,54,236,8,7
Die A Happy Man,Thomas Rhett,contemporary country,77,166,39,60,-9,12,40,227,42,3
Talking Body,Tove Lo,art pop,71,120,76,74,-5,8,11,238,10,3
Antidote,Travis Scott,hip hop,78,131,53,71,-5,12,13,263,1,3
Slow Motion,Trey Songz,dance pop,75,95,41,73,-8,11,29,198,68,4
Na Na,Trey Songz,dance pop,67,97,48,67,-6,10,24,232,33,4
YOUTH,Troye Sivan,australian pop,70,92,74,63,-4,8,59,185,6,4
Stressed Out,Twenty One Pilots,modern rock,88,170,64,73,-6,6,65,202,5,14
I Don't Mind (feat. Juicy J),Usher,atl hip hop,73,113,46,87,-8,9,46,252,21,18
Shut Up and Dance,WALK THE MOON,dance pop,86,128,87,58,-4,26,62,199,1,6
See You Again (feat. Charlie Puth),Wiz Khalifa,dance pop,85,80,48,69,-8,6,28,230,37,8
Renegades,X Ambassadors,modern alternative rock,80,90,86,53,-6,23,53,195,1,9
Unsteady,X Ambassadors,modern alternative rock,78,117,67,39,-6,12,20,194,18,6
King,Years & Years,dance pop,66,120,86,56,-4,38,43,215,6,4
I Want You To Know,Zedd,complextro,70,130,85,58,-3,14,37,240,1,6
When We Were Young,Adele,british soul,79,144,60,38,-6,10,27,291,30,5
Send My Love (To Your New Lover),Adele,british soul,77,164,53,69,-8,17,57,223,4,9
Hello,Adele,british soul,77,79,43,58,-6,9,29,296,33,3
Here,Alessia Cara,canadian contemporary r&b,71,120,82,38,-4,8,33,199,8,10
Alarm,Anne-Marie,dance pop,62,147,59,76,-5,18,81,206,8,23
Into You,Ariana Grande,dance pop,73,108,73,62,-6,14,37,244,2,11
Side To Side,Ariana Grande,dance pop,72,159,74,65,-6,24,61,226,5,23
Dangerous Woman,Ariana Grande,dance pop,72,134,60,66,-5,36,29,236,5,4
Hurts So Good,Astrid S,alt z,77,120,63,67,-5,9,42,209,8,5
Good Grief,Bastille,metropopolis,70,120,76,73,-5,31,88,206,15,7
Sorry,Beyoncé,dance pop,72,130,60,78,-7,25,36,233,0,5
Don't,Bryson Tiller,kentucky hip hop,83,97,36,77,-6,10,19,198,22,20
Exchange,Bryson Tiller,kentucky hip hop,81,160,43,53,-11,14,28,195,11,19
Dancing On My Own,Calum Scott,neo mellow,84,113,17,68,-9,10,23,260,84,3
This Is What You Came For (feat. Rihanna),Calvin Harris,dance pop,84,124,93,63,-3,15,47,222,20,3
My Way,Calvin Harris,dance pop,78,120,91,82,-3,16,54,219,9,4
We Don't Talk Anymore (feat. Selena Gomez),Charlie Puth,dance pop,73,100,56,73,-8,18,35,218,62,13
One Call Away,Charlie Puth,dance pop,70,91,61,67,-5,12,47,194,40,3
Dangerously,Charlie Puth,dance pop,58,112,52,70,-8,20,23,199,36,4
Sex,Cheat Codes,dance pop,66,102,69,51,-6,14,21,228,0,17
Back To Sleep,Chris Brown,dance pop,65,93,65,65,-5,9,72,201,4,24
Tears (feat. Louisa Johnson),Clean Bandit,dance pop,65,130,77,61,-4,16,30,226,4,4
Hymn for the Weekend,Coldplay,permanent wave,86,90,69,49,-6,33,41,258,21,4
Adventure of a Lifetime,Coldplay,permanent wave,79,112,92,64,-4,15,53,264,0,4
This One's for You (feat. Zara Larsson) (Official Song UEFA EURO 2016),David Guetta,big room,72,110,92,37,-3,9,37,207,0,5
"Sit Still, Look Pretty",Daya,alt z,76,182,74,66,-4,11,54,202,14,27
Hide Away,Daya,alt z,72,95,80,89,-5,7,46,192,23,8
Let Me Love You,DJ Snake,dance pop,86,100,72,65,-5,14,16,206,9,3
Middle,DJ Snake,dance pop,79,105,70,58,-5,5,22,221,1,4
Cake By The Ocean,DNCE,dance pop,84,119,75,77,-5,4,90,219,15,5
Too Good,Drake,canadian hip hop,78,118,65,79,-8,10,40,263,5,10
Hotter Than Hell,Dua Lipa,dance pop,70,110,87,53,-4,6,53,188,1,9
DUELE EL CORAZON (feat. Wisin),Enrique Iglesias,dance pop,72,91,91,72,-3,14,87,200,9,10
Work from Home (feat. Ty Dolla $ign),Fifth Harmony,dance pop,81,105,59,80,-6,6,59,214,10,4
All In My Head (Flex) (feat. Fetty Wap),Fifth Harmony,dance pop,67,95,79,69,-5,5,76,211,2,5
My House,Flo Rida,dance pop,81,94,70,69,-5,13,74,192,2,5
Say It (feat. Tove Lo),Flume,australian dance,64,75,53,60,-7,6,26,263,7,3
Pink + White,Frank Ocean,alternative r&b,84,160,55,54,-7,42,55,185,67,10
Low Life (feat. The Weeknd),Future,atl hip hop,78,144,33,72,-8,15,10,314,34,7
No Money,Galantis,dance pop,72,126,92,67,-4,24,80,189,3,4
"i hate u, i love u (feat. olivia o'brien)",Garrett Nash,electropop,82,93,28,49,-13,10,18,251,69,30
"Me, Myself & I",G-Eazy,indie pop rap,82,112,67,76,-7,16,39,251,2,10
Starving,Hailee Steinfeld,dance pop,81,100,62,73,-4,11,51,182,38,6
Can I Be Him,James Arthur,pop,80,108,54,70,-6,9,48,247,31,5
When You Love Someone,James TW,neo mellow,79,126,45,68,-6,5,35,217,26,3
Love Me Now,John Legend,neo soul,59,123,77,42,-4,11,72,210,57,9
Perfect Strangers,Jonas Blue,dance pop,80,118,86,73,-4,21,70,197,39,5
Fast Car,Jonas Blue,dance pop,77,114,58,67,-7,31,55,212,47,6
Love Yourself,Justin Bieber,canadian pop,87,100,38,61,-10,28,52,234,84,44
Sorry,Justin Bieber,canadian pop,85,100,76,65,-4,30,41,201,8,5
"CAN'T STOP THE FEELING! (from DreamWorks Animation's ""TROLLS"")",Justin Timberlake,dance pop,77,113,83,67,-6,10,70,238,1,7
Gold,Kiiara,alt z,64,113,41,60,-9,13,41,226,62,34
Stole the Show,Kygo,edm,78,100,64,64,-8,32,48,223,27,23
Stay (feat. Maty Noyes),Kygo,edm,65,103,74,65,-8,17,38,239,4,4
"Sucker for Pain (with Wiz Khalifa, Imagine Dragons, Logic & Ty Dolla $ign feat. X Ambassadors)",Lil Wayne,hip hop,80,169,79,50,-4,65,74,243,26,32
Shout Out to My Ex,Little Mix,dance pop,81,126,75,77,-4,11,80,246,2,9
7 Years,Lukas Graham,danish pop,83,120,47,77,-6,39,34,237,29,5
Alaska,Maggie Rogers,indie pop,70,104,39,85,-11,11,18,188,41,5
Cold Water,Major Lazer,dance pop,72,93,80,61,-5,16,50,185,7,4
You & Me,Marc E. Bassy,pop,69,84,64,45,-8,19,61,218,4,28
Alone,Marshmello,brostep,76,142,95,63,-4,11,42,274,2,3
In the Name of Love,Martin Garrix,dance pop,81,134,52,50,-6,45,17,196,11,4
NO,Meghan Trainor,dance pop,75,92,80,56,-4,74,66,214,1,21
The Ocean (feat. Shy Martin),Mike Perry,dance pop,75,90,57,63,-6,10,19,183,2,3
I Took A Pill In Ibiza - Seeb Remix,Mike Posner,dance pop,81,102,71,66,-7,8,71,198,4,11
Final Song,MØ,art pop,70,105,67,70,-6,8,25,236,1,3
This Town,Niall Horan,dance pop,64,112,41,68,-8,12,20,233,70,3
Close,Nick Jonas,dance pop,74,124,62,65,-5,14,40,234,25,8
History,Olivia Holt,alt z,64,101,63,77,-7,12,54,204,10,5
History,One Direction,boy band,77,87,70,66,-4,6,80,187,4,5
Wherever I Go,OneRepublic,dance pop,68,100,68,54,-6,24,35,170,10,4
"Just Like Fire (From the Original Motion Picture ""Alice Through The Looking Glass"")",P!nk,dance pop,73,163,70,63,-6,11,52,215,1,15
Not Nice,PARTYNEXTDOOR,pop,67,128,50,60,-9,12,73,203,3,8
Needed Me,Rihanna,barbadian pop,84,111,31,67,-8,8,30,192,11,24
Work,Rihanna,barbadian pop,80,92,53,73,-6,9,56,219,8,9
Lost Boy,Ruth B.,alt z,77,124,6,71,-15,9,35,275,97,5
You Don't Own Me (feat. G-Eazy),SAYGRACE,dance pop,74,186,64,33,-6,6,26,201,16,9
Same Old Love,Selena Gomez,dance pop,70,98,59,67,-4,21,44,229,2,3
Hands To Myself,Selena Gomez,dance pop,68,111,50,81,-7,34,47,201,1,12
Treat You Better,Shawn Mendes,canadian pop,86,83,82,44,-4,11,75,188,11,34
I Know What You Did Last Summer,Shawn Mendes,canadian pop,77,114,76,69,-5,15,74,224,10,9
The Greatest (feat. Kendrick Lamar),Sia,australian dance,73,192,73,67,-6,6,73,210,1,27
Cheap Thrills (feat. Sean Paul),Sia,australian dance,73,90,80,59,-5,8,73,225,6,22
Sweet Lovin' - Radio Edit,Sigala,dance pop,69,125,85,68,-3,34,71,202,21,7
All My Friends (feat. Tinashe & Chance the Rapper),Snakehips,edm,77,95,52,68,-6,11,18,230,12,14
Just Hold On,Steve Aoki,dance pop,61,115,93,65,-4,6,39,199,0,8
Somebody Else,The 1975,modern alternative rock,76,101,79,61,-6,15,47,348,20,6
The Sound,The 1975,modern alternative rock,63,121,94,65,-5,45,55,249,9,8
Closer,The Chainsmokers,dance pop,88,95,52,75,-6,11,66,245,41,3
Don't Let Me Down,The Chainsmokers,dance pop,83,160,87,53,-5,14,42,208,16,17
Roses,The Chainsmokers,dance pop,78,100,80,71,-7,31,34,227,4,6
Ophelia,The Lumineers,folk-pop,79,76,57,66,-7,9,57,160,61,3
Starboy,The Weeknd,canadian contemporary r&b,88,186,59,68,-7,14,49,230,14,28
Once In a While,Timeflies,dance pop,65,105,69,79,-6,62,35,215,1,14
Girls Like (feat. Zara Larsson),Tinie Tempah,dance pop,67,120,80,92,-3,8,54,196,37,5
Cool Girl,Tove Lo,art pop,69,102,69,67,-7,8,20,199,31,11
Renegades,X Ambassadors,modern alternative rock,80,90,86,53,-6,23,53,195,1,9
Unsteady,X Ambassadors,modern alternative rock,78,117,67,39,-6,12,20,194,18,6
Never Forget You,Zara Larsson,dance pop,78,146,73,58,-6,27,28,213,0,5
PILLOWTALK,ZAYN,dance pop,82,125,70,58,-4,9,44,203,12,5
It's A Vibe,2 Chainz,atl hip hop,77,73,50,82,-7,11,53,210,3,15
Bank Account,21 Savage,atl hip hop,82,75,35,88,-8,9,38,220,2,35
Drowning (feat. Kodak Black),A Boogie Wit da Hoodie,melodic rap,79,129,81,84,-5,12,81,209,50,6
Plain Jane,A$AP Ferg,gangster rap,79,170,84,80,-5,9,52,174,7,28
Weak,AJR,modern rock,71,124,64,67,-5,19,70,201,12,5
Caroline,Aminé,hip hop,80,120,34,94,-10,26,71,210,17,51
More Than You Know,Axwell /\ Ingrosso,dance pop,83,123,74,65,-5,31,57,203,3,3
Rolex,Ayo & Teo,social media pop,73,145,89,80,-3,27,79,239,8,4
Bounce Back,Big Sean,detroit hip hop,76,82,57,78,-6,13,27,222,11,14
Man's Not Hot,Big Shaq,london rap,67,135,88,91,-4,11,59,186,11,24
Bored,Billie Eilish,art pop,88,120,32,61,-13,8,11,181,90,5
do re mi,blackbear,electropop,77,111,59,75,-6,12,17,212,1,5
That's What I Like,Bruno Mars,dance pop,86,134,56,85,-5,9,86,207,1,4
24K Magic,Bruno Mars,dance pop,82,107,80,82,-4,15,63,226,3,8
"Feels (feat. Pharrell Williams, Katy Perry & Big Sean)",Calvin Harris,dance pop,81,101,75,89,-3,9,87,223,6,6
Slide (feat. Frank Ocean & Migos),Calvin Harris,dance pop,77,104,80,74,-3,25,51,231,50,5
Havana (feat. Young Thug),Camila Cabello,dance pop,84,105,52,77,-4,13,39,217,18,3
Bodak Yellow,Cardi B,dance pop,77,125,70,93,-6,23,49,224,7,10
No Promises (feat. Demi Lovato),Cheat Codes,dance pop,66,113,62,74,-7,11,58,223,6,16
Redbone,Childish Gambino,atl hip hop,87,160,34,74,-11,10,58,327,17,12
Rockabye (feat. Sean Paul & Anne-Marie),Clean Bandit,dance pop,80,102,76,72,-4,18,74,251,41,5
Sorry Not Sorry,Demi Lovato,dance pop,81,144,64,71,-7,26,89,204,2,23
"I'm the One (feat. Justin Bieber, Quavo, Chance the Rapper & Lil Wayne)",DJ Khaled,dance pop,70,81,67,60,-4,13,82,289,5,4
Wild Thoughts (feat. Rihanna & Bryson Tiller),DJ Khaled,dance pop,70,98,68,61,-3,13,62,205,3,8
Passionfruit,Drake,canadian hip hop,86,112,46,81,-11,11,36,299,26,4
Fake Love,Drake,canadian hip hop,78,134,48,93,-9,18,61,211,11,29
Perfect,Ed Sheeran,pop,89,95,45,60,-6,11,17,263,16,2
Shape of You,Ed Sheeran,pop,89,96,65,83,-3,9,93,234,58,8
Sit Next to Me,Foster The People,indietronica,75,97,74,64,-5,69,66,243,12,3
Unforgettable,French Montana,gangster rap,86,98,77,73,-5,10,73,234,3,12
Mask Off,Future,atl hip hop,84,150,43,83,-9,17,28,205,1,43
Him & I (with Halsey),G-Eazy,indie pop rap,80,88,73,59,-6,31,19,269,5,9
No Limit,G-Eazy,indie pop rap,76,176,77,84,-4,9,41,245,1,24
Most Girls,Hailee Steinfeld,dance pop,77,103,57,76,-7,9,42,204,5,8
Now Or Never,Halsey,dance pop,71,110,59,67,-5,13,45,215,11,4
NUMB,Hayden James,aussietronica,64,148,56,62,-7,9,40,217,18,4
Believer,Imagine Dragons,modern rock,91,125,78,78,-4,8,67,204,6,13
Thunder,Imagine Dragons,modern rock,87,168,82,61,-5,15,29,187,1,4
Whatever It Takes,Imagine Dragons,modern rock,84,135,66,67,-5,12,56,201,4,3
HUMBLE.,Kendrick Lamar,conscious hip hop,87,150,62,91,-7,10,42,177,0,10
LOVE. FEAT. ZACARI.,Kendrick Lamar,conscious hip hop,85,126,59,80,-7,15,78,213,26,9
DNA.,Kendrick Lamar,conscious hip hop,83,140,52,64,-7,8,42,186,0,36
ELEMENT.,Kendrick Lamar,conscious hip hop,76,190,71,75,-5,25,48,209,20,49
Young Dumb & Broke,Khalid,pop,84,137,54,80,-6,17,39,203,20,4
Location,Khalid,pop,83,80,45,74,-11,9,33,219,33,43
Tunnel Vision,Kodak Black,florida rap,78,172,49,50,-8,12,23,268,6,29
iSpy (feat. Lil Yachty),KYLE,pop,76,75,65,75,-7,23,67,253,38,29
Lust For Life (with The Weeknd),Lana Del Rey,art pop,73,100,66,50,-9,36,26,264,60,5
Strip That Down (feat. Quavo),Liam Payne,dance pop,75,106,50,87,-5,8,55,202,20,5
Save That Shit,Lil Peep,emo rap,82,106,58,53,-9,42,14,232,3,3
Gucci Gang,Lil Pump,emo rap,69,120,52,94,-7,12,70,124,24,6
XO Tour Llif3,Lil Uzi Vert,melodic rap,86,155,75,73,-6,11,40,183,0,23
Touch (feat. Kid Ink),Little Mix,dance pop,59,102,75,64,-4,49,55,203,4,11
1-800-273-8255,Logic,conscious hip hop,82,100,57,62,-8,19,36,250,57,5
Liability,Lorde,art pop,79,76,23,59,-11,10,38,172,92,13
Green Light,Lorde,art pop,78,129,72,59,-8,9,25,235,2,10
"Homemade Dynamite (Feat. Khalid, Post Malone & SZA) - REMIX",Lorde,art pop,71,107,55,78,-5,13,18,214,23,8
broken,lovelytheband,indie poptimism,76,123,73,67,-6,4,51,205,0,4
Despacito,Luis Fonsi,latin,83,178,80,66,-5,7,84,229,20,15
Bad Things (with Camila Cabello),Machine Gun Kelly,ohio hip hop,76,138,69,70,-5,19,31,239,21,15
Glorious (feat. Skylar Grey),Macklemore,pop rap,78,140,79,73,-5,11,36,220,3,5
Cold (feat. Future),Maroon 5,pop,68,100,72,69,-6,5,41,234,14,11
Don't Wanna Know (feat. Kendrick Lamar),Maroon 5,pop,66,100,61,78,-6,10,42,214,34,7
Little Dark Age,MGMT,alternative dance,85,98,71,71,-6,10,62,300,1,4
Bad and Boujee (feat. Lil Uzi Vert),Migos,atl hip hop,78,127,67,93,-5,12,17,343,6,24
Slippery (feat. Gucci Mane),Migos,atl hip hop,74,142,68,92,-6,10,75,304,31,26
T-Shirt,Migos,atl hip hop,71,139,69,87,-4,16,49,242,24,22
Sky Walker (feat. Travis Scott),Miguel,dance pop,78,146,51,67,-11,9,18,259,17,4
Malibu,Miley Cyrus,dance pop,77,140,78,57,-6,8,34,232,8,6
Nights With You,MØ,art pop,61,120,67,76,-4,38,60,197,40,10
Slow Hands,Niall Horan,dance pop,79,86,43,74,-7,6,85,188,1,5
Magnolia,Playboi Carti,atl hip hop,82,163,58,79,-7,35,44,182,1,29
Chameleon,PNAU,alternative dance,48,120,93,72,-3,30,20,198,0,4
Feel It Still,Portugal. The Man,indie rock,81,79,80,80,-5,7,75,163,4,5
Congratulations,Post Malone,dfw rap,85,123,80,63,-4,25,49,220,22,4
I Fall Apart,Post Malone,dfw rap,83,144,54,56,-5,20,29,223,7,4
Swang,Rae Sremmurd,hip hop,80,140,31,68,-9,10,17,208,20,6
Black Beatles,Rae Sremmurd,hip hop,80,146,63,79,-6,13,36,292,14,6
Chill Bill (feat. J. Davi$ & Spooks),Rob $tone,san diego rap,81,108,43,89,-10,9,23,177,3,14
Losin Control,Russ,hawaiian hip hop,79,97,25,76,-7,10,21,238,52,14
Too Good At Goodbyes,Sam Smith,dance pop,77,92,37,68,-8,17,48,201,64,4
No Lie,Sean Paul,dance pop,89,102,88,74,-3,21,46,221,5,12
Fetish (feat. Gucci Mane),Selena Gomez,dance pop,74,123,62,71,-4,6,27,186,2,6
Broccoli,Shelley FKA DRAM,alternative r&b,64,146,53,89,-7,6,71,225,24,13
Don't Leave,Snakehips,edm,68,122,70,66,-3,26,34,215,22,8
Love Galore (feat. Travis Scott),SZA,pop,81,135,59,80,-6,16,41,275,11,7
Look What You Made Me Do,Taylor Swift,pop,81,128,71,77,-6,13,51,212,20,12
...Ready For It?,Taylor Swift,pop,78,160,76,61,-7,20,42,208,5,14
Something Just Like This,The Chainsmokers,dance pop,87,103,64,62,-7,16,45,247,5,3
Paris,The Chainsmokers,dance pop,77,100,66,65,-6,9,22,222,2,3
All Night,The Vamps,boy band,78,145,80,54,-5,33,51,198,0,4
Middle Of The Night,The Vamps,boy band,65,130,75,59,-4,8,40,175,0,6
I Feel It Coming,The Weeknd,canadian contemporary r&b,82,93,82,77,-6,7,59,269,43,12
goosebumps,Travis Scott,hip hop,88,130,73,84,-3,15,43,244,8,5
BUTTERFLY EFFECT,Travis Scott,hip hop,81,141,63,76,-6,11,19,191,5,5
Jocelyn Flores,XXXTENTACION,emo rap,89,134,39,87,-9,30,44,119,47,24
Rake It Up (feat. Nicki Minaj),Yo Gotti,dirty south rap,73,150,44,91,-8,14,53,276,2,34
I Would Like,Zara Larsson,dance pop,62,121,71,49,-4,8,30,227,9,5
Juju on That Beat (TZ Anthem),Zay Hilfigerrr,hip hop,62,161,89,81,-4,39,78,144,0,28
Stay,Zedd,complextro,80,102,62,69,-5,12,54,210,25,6
Youngblood,5 Seconds of Summer,boy band,74,120,85,60,-5,12,15,203,2,46
FEFE,6ix9ine,emo rap,75,126,39,93,-9,14,38,179,9,41
GUMMO,6ix9ine,emo rap,67,157,78,66,-5,13,64,158,6,17
God is a woman,Ariana Grande,dance pop,83,145,66,60,-6,24,27,198,2,6
no tears left to cry,Ariana Grande,dance pop,82,122,71,70,-6,29,35,206,4,6
Jumanji,B Young,afroswing,65,96,47,79,-10,10,60,173,28,25
Answerphone (feat. Yxng Bane),Banx & Ranx,basshall,60,113,83,67,-4,45,45,191,4,9
Mine,Bazzi,dance pop,80,143,79,71,-4,45,72,131,2,7
Eastside (with Halsey & Khalid),benny blanco,electropop,80,89,68,56,-8,12,32,174,56,32
lovely (with Khalid),Billie Eilish,art pop,91,115,30,35,-10,10,12,200,93,3
Look Alive (feat. Drake),BlocBoy JB,memphis hip hop,78,140,58,92,-7,11,60,181,0,27
Finesse - Remix; feat. Cardi B,Bruno Mars,dance pop,78,105,86,70,-5,2,93,217,2,10
One Kiss (with Dua Lipa),Calvin Harris,dance pop,86,124,86,79,-3,8,59,215,4,11
Never Be the Same,Camila Cabello,dance pop,79,130,71,64,-4,14,24,227,18,7
I Like It,Cardi B,dance pop,83,136,73,82,-4,37,65,253,10,13
Bodak Yellow,Cardi B,dance pop,77,125,70,93,-6,23,49,224,7,10
Be Careful,Cardi B,dance pop,72,152,57,82,-8,10,54,211,3,41
Miss You (with Major Lazer & Tory Lanez),Cashmere Cat,dance pop,61,100,64,75,-5,11,45,186,25,9
How Long,Charlie Puth,dance pop,77,110,56,85,-5,4,81,201,21,8
Done for Me (feat. Kehlani),Charlie Puth,dance pop,72,112,63,86,-4,7,70,180,19,7
The Way I Am,Charlie Puth,dance pop,68,115,77,76,-6,6,64,186,31,19
This Is America,Childish Gambino,atl hip hop,75,120,46,85,-6,35,55,226,12,14
Tequila,Dan + Shay,contemporary country,75,86,58,49,-6,13,49,197,3,3
Nevermind,Dennis Lloyd,israeli pop,79,100,69,60,-8,41,8,157,16,20
No Brainer,DJ Khaled,dance pop,71,136,76,55,-5,9,64,260,7,34
God's Plan,Drake,canadian hip hop,86,77,45,75,-9,55,36,199,3,11
Nonstop,Drake,canadian hip hop,82,155,41,91,-8,10,42,239,2,12
Nice For What,Drake,canadian hip hop,81,93,91,59,-6,12,76,211,9,7
In My Feelings,Drake,canadian hip hop,80,91,63,84,-6,40,35,218,6,13
I'm Upset,Drake,canadian hip hop,73,150,59,90,-8,8,49,214,28,34
IDGAF,Dua Lipa,dance pop,83,97,54,84,-6,8,51,218,4,9
In My Mind,Dynoro,edm,83,126,77,69,-5,12,16,185,18,15
Trip,Ella Mai,dance pop,77,80,61,48,-6,11,36,214,23,14
Boo'd Up,Ella Mai,dance pop,73,82,78,56,-5,8,24,256,9,5
River (feat. Ed Sheeran),Eminem,detroit hip hop,77,90,75,75,-6,7,66,221,14,52
German,EO,afroswing,71,103,58,86,-6,19,85,171,81,7
Let's Fall in Love for the Night,FINNEAS,alt z,77,128,41,74,-8,17,37,190,80,10
Simple,Florida Georgia Line,contemporary country,75,200,88,36,-4,15,86,185,8,10
Him & I (with Halsey),G-Eazy,indie pop rap,80,88,73,59,-6,31,19,269,5,9
Shotgun,George Ezra,folk-pop,81,116,74,67,-5,24,75,201,29,5
Paradise,George Ezra,folk-pop,73,138,88,64,-4,21,91,222,21,4
we fell in love in october,girl in red,bedroom pop,88,130,37,57,-13,16,24,184,11,3
"Let Me Go (with Alesso, Florida Georgia Line & watt)",Hailee Steinfeld,dance pop,81,103,71,66,-4,8,74,175,3,5
Bad At Love,Halsey,dance pop,77,118,75,68,-4,9,61,181,6,3
The Greatest Show,Hugh Jackman,hollywood,77,158,82,42,-7,7,40,302,0,11
Natural,Imagine Dragons,modern rock,85,100,61,70,-6,8,22,189,22,4
Make Me Feel,Janelle Monáe,afrofuturism,68,115,41,86,-7,33,70,194,13,18
You Make It Easy,Jason Aldean,contemporary country,74,132,57,38,-5,11,41,197,14,3
"King's Dead (with Kendrick Lamar, Future & James Blake)",Jay Rock,conscious hip hop,76,137,71,65,-5,13,38,230,0,30
Rise,Jonas Blue,dance pop,74,106,79,69,-5,20,66,194,33,3
Lucid Dreams,Juice WRLD,chicago rap,89,84,57,51,-7,34,22,240,35,20
LOVE. FEAT. ZACARI.,Kendrick Lamar,conscious hip hop,85,126,59,80,-7,15,78,213,26,9
All The Stars (with SZA),Kendrick Lamar,conscious hip hop,85,97,63,70,-5,9,55,232,6,6
Love Lies (with Normani),Khalid,pop,78,144,65,71,-6,13,34,202,10,4
1950,King Princess,alt z,77,72,54,60,-7,16,27,225,65,11
I Like Me Better,Lauv,dance pop,86,92,51,75,-8,10,42,197,54,25
Yes Indeed,Lil Baby,atl hip hop,84,120,35,96,-9,11,56,142,4,53
Freaky Friday (feat. Chris Brown),Lil Dicky,comedy rap,74,133,60,76,-5,11,76,217,15,22
Everyday,Logic,conscious hip hop,74,150,74,67,-4,8,42,205,4,4
Body,Loud Luxury,dance pop,77,122,76,75,-4,5,58,163,5,4
Bad Vibe,M.O,afroswing,58,110,70,81,-4,10,76,214,18,4
"Home (with Machine Gun Kelly, X Ambassadors & Bebe Rexha)",Machine Gun Kelly,ohio hip hop,77,82,72,65,-5,5,22,203,0,21
Corazón (feat. Nego do Borel),Maluma,latin,74,198,74,72,-6,20,75,185,33,25
Wait,Maroon 5,pop,64,126,60,66,-5,11,45,191,10,6
Happier,Marshmello,brostep,86,100,79,69,-3,17,67,214,19,5
Silence,Marshmello,brostep,84,142,76,52,-3,17,29,181,26,9
FRIENDS,Marshmello,brostep,83,95,88,63,-2,13,53,203,21,5
Spotlight,Marshmello,brostep,76,150,82,55,-4,74,62,178,1,15
Walk It Talk It,Migos,atl hip hop,79,146,63,91,-5,11,40,276,9,18
MotorSport,Migos,atl hip hop,77,138,52,90,-5,33,19,303,3,18
Stir Fry,Migos,atl hip hop,75,182,82,82,-5,16,51,190,0,27
17,MK,dance pop,69,122,83,70,-7,7,67,196,0,7
Let You Down,NF,hip hop,84,148,71,66,-6,18,46,212,31,12
Te Boté - Remix,Nio Garcia,latin,81,97,68,90,-3,6,44,418,54,21
Ric Flair Drip (with Metro Boomin),Offset,atl hip hop,85,100,43,88,-8,11,33,173,15,21
Vaina Loca,Ozuna,latin,77,94,81,75,-4,20,56,176,32,8
Déjala Que Vuelva (feat. Manuel Turizo),Piso 21,colombian pop,76,170,79,68,-4,8,84,220,5,8
rockstar (feat. 21 Savage),Post Malone,dfw rap,87,160,52,59,-6,13,13,218,12,7
Better Now,Post Malone,dfw rap,84,145,58,68,-6,14,34,231,33,4
Psycho (feat. Ty Dolla $ign),Post Malone,dfw rap,82,140,56,75,-8,11,46,221,55,11
Powerglide (feat. Juicy J) - From SR3MM,Rae Sremmurd,hip hop,71,174,83,71,-5,12,58,332,2,15
Plug Walk,Rich The Kid,atl hip hop,77,95,52,88,-7,11,16,175,20,14
Mo Bamba,Sheck Wes,rap,81,146,63,73,-5,25,26,184,19,3
Strangers,Sigrid,dance pop,64,115,72,76,-6,8,13,234,1,4
Delicate,Taylor Swift,pop,81,95,40,75,-10,9,5,232,22,7
It's Not Living (If It's Not With You),The 1975,modern alternative rock,75,121,84,62,-5,6,53,248,0,3
This Feeling,The Chainsmokers,dance pop,78,105,57,57,-8,9,45,198,6,4
Sick Boy,The Chainsmokers,dance pop,74,90,58,66,-8,12,45,193,11,5
Call Out My Name,The Weeknd,canadian contemporary r&b,85,134,59,46,-5,31,18,228,17,4
Pray For Me (with Kendrick Lamar),The Weeknd,canadian contemporary r&b,74,101,68,74,-5,11,19,211,8,9
Jackie Chan,Tiësto,big room,76,128,83,75,-3,6,69,216,37,5
SICKO MODE,Travis Scott,hip hop,86,155,73,83,-4,12,45,313,1,22
Taste (feat. Offset),Tyga,dance pop,78,98,56,88,-7,10,34,233,2,12
Saturday Sun,Vance Joy,folk-pop,75,100,86,64,-4,22,71,215,48,5
SAD!,XXXTENTACION,emo rap,88,75,61,74,-5,12,47,167,26,14
Moonlight,XXXTENTACION,emo rap,87,128,54,92,-6,10,71,135,56,8
changes,XXXTENTACION,emo rap,84,65,31,67,-10,10,52,122,88,3
If You're Over Me,Years & Years,dance pop,60,104,85,65,-5,6,62,189,6,9
"BIG BANK (feat. 2 Chainz, Big Sean, Nicki Minaj)",YG,cali rap,73,204,35,75,-8,9,11,237,1,33
The Middle,Zedd,complextro,84,107,66,75,-3,11,44,185,17,4
a lot,21 Savage,atl hip hop,83,146,64,84,-8,34,27,289,4,9
Easier,5 Seconds of Summer,boy band,74,176,46,56,-4,11,62,158,48,26
Swervin (feat. 6ix9ine),A Boogie Wit da Hoodie,melodic rap,80,93,66,58,-5,11,43,189,2,30
Look Back at It,A Boogie Wit da Hoodie,melodic rap,78,96,59,79,-5,15,54,179,41,4
Ladbroke Grove,AJ Tracey,grime,73,134,84,90,-9,10,73,191,9,21
China,Anuel AA,latin,80,105,81,79,-4,8,61,302,8,9
Secreto,Anuel AA,latin,79,92,80,81,-4,14,71,259,60,13
7 rings,Ariana Grande,dance pop,88,140,32,78,-11,9,33,179,59,33
"thank u, next",Ariana Grande,dance pop,85,107,65,72,-6,10,41,207,23,7
"break up with your girlfriend, i'm bored",Ariana Grande,dance pop,81,170,55,73,-5,11,34,190,4,9
boyfriend (with Social House),Ariana Grande,dance pop,81,190,80,40,-4,16,70,186,12,46
On A Roll,Ashley O,pop,62,125,81,74,-6,5,39,154,8,9
Callaita,Bad Bunny,latin,86,176,62,61,-5,24,24,251,60,31
MIA (feat. Drake),Bad Bunny,latin,82,97,54,82,-6,10,16,210,1,6
lovely (with Khalid),Billie Eilish,art pop,91,115,30,35,-10,10,12,200,93,3
bad guy,Billie Eilish,art pop,88,135,43,70,-11,10,56,194,33,38
when the party's over,Billie Eilish,art pop,85,83,11,37,-14,9,20,196,98,10
bury a friend,Billie Eilish,art pop,80,120,39,91,-15,11,20,193,74,33
Kill This Love,BLACKPINK,k-pop,79,132,84,76,-5,23,65,191,32,19
The Git Up,Blanco Brown,black americana,74,98,68,85,-9,27,81,201,7,11
Thotiana,Blueface,cali rap,71,104,38,91,-13,11,39,129,18,27
Boy With Luv (feat. Halsey),BTS,k-pop,86,120,86,65,-5,19,80,230,9,8
Please Me,Cardi B,dance pop,79,134,57,75,-7,8,65,201,6,8
Money,Cardi B,dance pop,78,130,59,95,-7,11,22,184,1,29
Suge,DaBaby,north carolina hip hop,77,75,66,88,-6,13,84,163,6,43
Location (feat. Burna Boy),Dave,uk hip hop,81,110,50,81,-6,10,55,241,27,30
Juicy,Doja Cat,dance pop,62,170,66,79,-3,7,46,202,9,7
3 Nights,Dominic Fike,alternative pop rock,84,152,52,82,-7,10,88,178,22,9
Money In The Grave (Drake ft. Rick Ross),Drake,canadian hip hop,82,101,50,83,-4,12,10,205,10,5
Don't Start Now,Dua Lipa,dance pop,84,124,79,79,-5,10,68,183,1,8
Take Me Back to London (feat. Stormzy),Ed Sheeran,pop,71,138,76,89,-6,16,61,190,22,22
Cross Me (feat. Chance the Rapper & PnB Rock),Ed Sheeran,pop,69,95,79,75,-6,7,61,206,21,12
Antisocial (with Travis Scott),Ed Sheeran,pop,68,152,82,72,-5,36,91,162,13,5
Leave Me Alone,Flipp Dinero,melodic rap,75,150,74,79,-3,18,74,196,11,9
Lost in the Fire (feat. The Weeknd),Gesaffelstein,dark clubbing,89,101,67,66,-12,12,17,202,9,4
Without Me,Halsey,dance pop,82,136,49,75,-7,9,53,202,30,7
emotions,iann dior,melodic rap,77,81,63,63,-6,14,16,131,1,4
gone girl,iann dior,melodic rap,75,95,71,68,-6,7,36,137,16,3
MIDDLE CHILD,J. Cole,conscious hip hop,85,124,36,84,-12,27,46,214,15,28
All Day And Night,Jax Jones,dance pop,64,122,78,59,-4,16,52,169,27,9
Sorry,Joel Corry,dance pop,68,125,79,74,-5,32,85,189,5,6
Sucker,Jonas Brothers,boy band,84,138,73,84,-5,11,95,181,4,6
Only Human,Jonas Brothers,boy band,76,94,50,80,-6,6,87,183,11,7
Robbery,Juice WRLD,chicago rap,84,80,69,62,-5,15,57,240,33,5
Good as You,Kane Brown,black americana,70,154,52,63,-6,14,77,192,40,4
Nights Like This (feat. Ty Dolla $ign),Kehlani,dance pop,80,146,73,61,-5,15,29,202,37,15
Better,Khalid,pop,81,98,55,60,-10,10,11,229,8,10
Talk (feat. Disclosure),Khalid,pop,76,136,40,90,-9,6,35,198,5,13
ZEZE (feat. Travis Scott & Offset),Kodak Black,florida rap,82,98,60,86,-6,9,50,229,5,18
Shallow,Lady Gaga,art pop,87,96,39,57,-6,23,32,216,37,3
Doin' Time,Lana Del Rey,art pop,83,145,56,64,-11,9,52,202,40,4
i'm so tired...,Lauv,dance pop,81,102,73,60,-7,24,53,163,18,20
Someone You Loved,Lewis Capaldi,pop,89,110,41,50,-6,11,45,182,75,3
Grace,Lewis Capaldi,pop,72,104,56,72,-6,17,49,186,44,3
Old Town Road - Remix,Lil Nas X,lgbtq+ hip hop,83,136,62,88,-6,11,64,157,5,10
Old Town Road,Lil Nas X,lgbtq+ hip hop,80,136,53,91,-6,10,51,113,6,13
Panini,Lil Nas X,lgbtq+ hip hop,76,154,59,70,-6,12,48,115,34,8
Ransom,Lil Tecca,melodic rap,83,180,64,75,-6,7,23,131,2,29
Truth Hurts,Lizzo,dance pop,80,158,62,72,-3,12,41,173,11,11
Good as Hell,Lizzo,dance pop,77,96,92,68,-3,44,54,160,26,9
Soltera - Remix,Lunay,latin,74,92,78,80,-4,44,80,266,36,4
Light On,Maggie Rogers,indie pop,72,102,57,66,-6,13,40,234,20,5
Nothing Breaks Like a Heart (feat. Miley Cyrus),Mark Ronson,dance pop,84,114,79,60,-6,39,24,217,1,7
Here With Me,Marshmello,brostep,77,100,56,79,-4,16,18,156,6,4
One Thing Right,Marshmello,brostep,77,88,63,66,-2,58,44,182,6,5
Piece Of Your Heart,MEDUZA,edm,81,124,74,68,-7,7,63,153,4,3
Going Bad (feat. Drake),Meek Mill,hip hop,83,86,50,89,-6,25,54,181,26,9
Hot Girl Summer (feat. Nicki Minaj & Ty Dolla $ign),Megan Thee Stallion,dance pop,73,99,81,87,-5,21,57,199,0,16
Slide Away,Miley Cyrus,dance pop,74,148,54,53,-7,25,29,234,17,3
Pure Water (with Migos),Mustard,cali rap,80,202,56,68,-6,34,14,192,17,13
Shotta Flow (feat. Blueface) [Remix],NLE Choppa,memphis hip hop,74,120,51,89,-5,14,57,177,3,42
Motivation,Normani,dance pop,76,171,89,60,-4,30,88,194,2,10
Options,NSG,afro dancehall,62,102,62,84,-5,10,76,240,39,9
Clout (feat. Cardi B),Offset,atl hip hop,73,140,62,92,-7,12,42,206,23,10
High Hopes,Panic! At The Disco,modern rock,85,82,90,58,-3,6,68,191,19,6
Adan y Eva,Paulo Londra,argentine hip hop,76,172,71,77,-4,7,72,257,32,34
Pop Out (feat. Lil Tjay),Polo G,chicago rap,83,168,64,77,-7,7,26,167,15,47
Circles,Post Malone,dfw rap,89,120,76,70,-3,9,55,215,19,4
Better Now,Post Malone,dfw rap,84,145,58,68,-6,14,34,231,33,4
Sunflower - Spider-Man: Into the Spider-Verse,Post Malone,dfw rap,84,90,52,76,-4,7,93,158,53,6
Wow.,Post Malone,dfw rap,83,100,54,83,-7,10,39,150,14,21
Goodbyes (feat. Young Thug),Post Malone,dfw rap,82,150,65,55,-4,10,16,175,46,8
Bohemian Rhapsody - Remastered 2011,Queen,classic rock,77,144,40,39,-10,24,23,354,29,5
Ride It,Regard,dance pop,85,118,75,88,-4,11,88,158,18,9
Keisha & Becky - Remix,Russ Millions,uk drill,73,141,47,86,-10,12,64,253,25,48
Post Malone (feat. RANI),Sam Feldt,dance pop,74,107,64,59,-4,11,65,174,8,12
My Type,Saweetie,cali rap,76,105,81,90,-6,7,59,126,0,26
Otro Trago,Sech,latin,76,176,70,75,-5,11,62,226,14,34
Señorita,Shawn Mendes,canadian pop,83,117,55,76,-6,8,75,191,4,3
If I Can't Have You,Shawn Mendes,canadian pop,78,124,81,69,-4,15,86,191,52,6
Don’t Feel Like Crying,Sigrid,dance pop,56,120,81,75,-4,7,72,157,16,4
Vossi Bop,Stormzy,grime,69,188,65,68,-6,13,43,196,13,34
Lover,Taylor Swift,pop,86,69,54,36,-8,12,45,221,49,9
Cruel Summer,Taylor Swift,pop,82,170,70,55,-6,11,56,178,12,16
You Need To Calm Down,Taylor Swift,pop,81,85,67,77,-6,6,71,171,1,6
SICKO MODE,Travis Scott,hip hop,86,155,73,83,-4,12,45,313,1,22
EARFQUAKE,"Tyler, The Creator",hip hop,85,80,50,55,-9,80,41,190,23,7
Boasty (feat. Idris Elba),Wiley,grime,68,103,77,89,-5,9,46,177,1,7
Strike a Pose (feat. Aitch),Young T & Bugsey,afroswing,67,138,58,53,-6,10,59,214,1,10
The London (feat. J. Cole & Travis Scott),Young Thug,atl hip hop,75,98,59,80,-7,13,18,200,2,15
