Name,Platform,Year,Genre,NA_Sales,EU_Sales,JP_Sales,Other_Sales
Saints Row IV,PS3,2013,Action,0.56,0.44,0.09,0.21
Treasures of the Deep,PS,1997,Action,0.1,0.07,0,0.01
Skylanders: Spyro's Adventure,Wii,2011,Action,1.4,1.14,0,0.31
LEGO Batman: The Videogame,PS2,2008,Action,0.72,0.03,0,0.52
Carnage Heart,PS,1995,Strategy,0.01,0.01,0.09,0.01
Super Robot Taisen OG: Original Generations,PS2,2007,Strategy,0,0,0.44,0
Hitman: HD Trilogy,PS3,2013,Action,0.07,0.1,0,0.04
WipEout,PS,1995,Action,0.26,0.18,0,0.03
Super Robot Taisen: Scramble Commander,PS2,2003,Strategy,0,0,0.19,0
New Play Control! Pikmin 2,Wii,2009,Strategy,0.11,0.14,0.33,0.02
Nobunaga no Yabou: Souzou,PS3,2013,Strategy,0,0,0.19,0
Farm Frenzy 3,DS,2011,Strategy,0,0.02,0,0
Ukiyo no Shishi,PS3,2015,Action,0,0,0.03,0
Monsters vs. Aliens,Wii,2009,Action,0.14,0.09,0,0.03
Front Mission 5: Scars of the War,PS2,2005,Strategy,0,0,0.21,0
Primal,PS2,2003,Action,0.21,0.17,0,0.06
Lara Croft Tomb Raider: The Angel of Darkness,PS2,2003,Action,0.61,0.48,0,0.16
Dynasty Warriors 5: Xtreme Legends,PS2,2005,Action,0.11,0.08,0.35,0.03
Terraria,PS3,2013,Action,0.07,0.26,0.09,0.07
007: Quantum of Solace,DS,2008,Action,0.11,0.01,0,0.01
Burger Island,DS,2008,Action,0.15,0,0,0.01
Worms,PS3,2009,Strategy,0,0.02,0,0.01
JU-ON: The Grudge,Wii,2009,Action,0.08,0.01,0.01,0.01
Way of the Samurai 2,PS2,2003,Action,0.05,0.04,0.23,0.01
One Piece: Pirate Warriors,PS3,2012,Action,0.01,0.24,0.86,0.09
Scooby-Doo! and the Spooky Swamp,Wii,2010,Action,0.29,0.13,0,0.04
Metal Gear Solid 2: Sons of Liberty,PS2,2001,Action,2.45,2.01,0.87,0.72
Full Spectrum Warrior,PS2,2005,Strategy,0.15,0.11,0,0.04
KISS Pinball,PS,2001,Action,0.17,0.12,0,0.02
God of War Saga,PS3,2012,Action,0.72,0,0,0.06
The Last Guy,PS3,2009,Action,0,0,0.03,0
Meru Purana,PS,1996,Strategy,0,0,0.01,0
Risk: Global Domination,PS2,2003,Strategy,0.19,0.15,0,0.05
Deadly Creatures,Wii,2009,Action,0.08,0.12,0,0.03
Mission: Impossible,PS,1999,Action,0.29,0.2,0,0.03
Kung Fu Panda 2,DS,2011,Action,0.16,0.05,0,0.02
Darksiders II,PS3,2012,Action,0.35,0.37,0.01,0.14
Romance of the Three Kingdoms XII,PS3,2012,Strategy,0,0,0.09,0
Dishonored,PS3,2012,Action,0.72,0.54,0.04,0.25
"Transformers: The Game (XBox 360, PS2, PS3, Wii & PC Versions)",PS2,2007,Action,0.63,0.37,0,0.11
The Unholy War,PS,1998,Strategy,0.07,0.05,0,0.01
Monster Rancher Battle Card: Episode II,PS,2000,Action,0.04,0.03,0,0
M&Ms Shell Shocked,PS,2001,Action,0.02,0.01,0,0
T.A.C. Heroes : Big Red One,DS,2010,Strategy,0.02,0,0,0
Command & Conquer: Red Alert,PS,1997,Strategy,0.23,0.16,0,0.03
Blasto,PS,1998,Action,0.2,0.13,0,0.02
Naruto Shippuden: Naruto vs. Sasuke,DS,2008,Action,0.08,0,0.03,0.01
Worms: A Space Oddity,Wii,2008,Strategy,0.06,0.02,0,0.01
Disney's American Dragon Jake Long: Attack of the Dark Dragon,DS,2006,Action,0.15,0,0,0.01
GoldenEye 007 (2010),DS,2010,Action,0.11,0.03,0,0.01
Splatterhouse,PS3,,Action,0.13,0.02,0,0.02
Rampage: Total Destruction,Wii,2006,Action,0.19,0.01,0,0.02
Deathtrap Dungeon,PS,1998,Action,0.19,0.13,0,0.02
Minority Report: Everybody Runs,PS2,2002,Action,0.2,0.15,0,0.05
Go Diego Go! Safari Rescue,Wii,2008,Action,0.48,0.01,0,0.04
Shrek the Third,Wii,2007,Action,0.26,0.01,0,0.02
Crash of the Titans,DS,2007,Action,0.42,0.02,0,0.04
Pirates of the Caribbean: At World's End,PS3,2007,Action,0.17,0.41,0,0.15
True Crime: Streets of LA,PS2,2003,Action,1.89,1.05,0.02,0.31
Tomb Raider: Anniversary,Wii,2007,Action,0.12,0.63,0,0.11
Dynasty Warriors: Gundam 2,PS2,2008,Action,0.04,0.03,0.25,0.01
Ninja Gaiden Sigma 2,PS3,2009,Action,0.52,0.16,0.08,0.1
Chaos Legion,PS2,2003,Action,0.15,0.12,0,0.04
Go Diego Go! Great Dinosaur Rescue,DS,2008,Action,0.44,0.01,0,0.03
Sengoku Basara 2,PS2,2006,Action,0,0,0.26,0
Mega Man Star Force Dragon / Leo / Pegasus,DS,2006,Action,0.39,0,0.53,0.03
Monsters vs. Aliens,PS2,2009,Action,0.11,0,0,0.08
Manhunt 2,Wii,2007,Action,0.25,0.23,0,0.06
Tiny Tank,PS,1998,Action,0.19,0.13,0,0.02
Fritz Chess,DS,2009,Strategy,0.02,0,0,0
Shin Sangoku Musou Online: Souten Ranbu,PS3,2010,Action,0,0,0.02,0
Harry Potter and the Deathly Hallows - Part 2,Wii,2011,Action,0.18,0.14,0,0.03
Tornado Outbreak,Wii,2009,Action,0.1,0,0,0.01
SD Gundam G Generation World,Wii,2011,Strategy,0,0,0.05,0
Mitsukete! Keroro Gunsou: Machigai Sagashi Daisakusen de Arimasu!,DS,2007,Action,0,0,0.06,0
The Legend of Zelda: Spirit Tracks,DS,2009,Action,1.43,0.94,0.74,0.27
TV Anime Idolm@ster: Cinderella Girls G4U! Pack Vol.4,PS3,2015,Action,0,0,0.02,0
The Penguins of Madagascar,DS,2010,Action,0.13,0.12,0,0.02
Dragonseeds,PS,1998,Action,0.03,0.02,0.04,0.01
Indiana Jones and the Staff of Kings,DS,2009,Action,0.17,0.07,0,0.02
Rocky: Legends,PS2,2004,Action,0.13,0.1,0,0.03
Top Gun: Hard Lock,PS3,2012,Action,0,0.03,0,0.01
Sphinx and the Cursed Mummy,PS2,2003,Action,0.22,0.17,0,0.06
Romance of the Three Kingdoms VII,PS2,2000,Strategy,0.08,0.06,0.16,0.02
Curious George,PS2,2006,Action,0.06,0.05,0,0.02
Angelique Duet,PS,1998,Strategy,0,0,0.04,0
Happy Feet Two,DS,,Action,0.09,0.02,0,0.01
Fatal Frame 2: Wii Edition,Wii,2012,Action,0,0,0.1,0
History Great Empires: Rome,DS,2009,Strategy,0.05,0,0,0
Pirates of the Caribbean: At World's End,PS2,2007,Action,0.2,0.16,0,0.05
Ridge Racer V,PS2,2000,Action,0.24,0.19,0.75,0.06
Thrillville: Off the Rails,DS,2007,Strategy,0.03,0.01,0,0
Kung Fu Panda,PS2,2008,Action,0.24,0,0,0.41
Fritz Chess,PS3,2009,Strategy,0,0.03,0,0.01
Frogger 2: Swampy's Revenge,PS,1999,Action,0.8,0.54,0,0.09
Grand Theft Auto: Vice City Stories,PS2,2007,Action,0.78,0.03,0.03,0.13
Dragon Ball: Origins,DS,2008,Action,0.09,0.03,0,0.01
Dino Master: Dig Discover Duel,DS,2005,Strategy,0.06,0,0,0
Kamen Rider: Battride War,PS3,2013,Action,0,0,0.19,0
Zoo Tycoon 2 DS,DS,2008,Strategy,0.24,0.03,0,0.02
Broken Helix,PS,1997,Action,0.03,0.02,0,0
Rogue Ops,PS2,2003,Action,0.11,0.09,0,0.03
Warriors Orochi,PS2,2007,Action,0.11,0.09,0.64,0.03
Housekeeping,DS,,Action,0,0,0.04,0
Kaizoku Sentai Gokaiger: Atsumete Henshin! 35 Sentai!,DS,2011,Action,0,0,0.03,0
Army Men: Air Attack,PS,1999,Action,0.47,0.32,0,0.06
Pro Evolution Soccer 2012,PS2,2011,Action,0,0,0.06,0
Bully: Scholarship Edition,Wii,2008,Action,0.17,0.29,0,0.06
Sengoku Musou 3: Moushouden,Wii,2011,Action,0,0,0.08,0
Elebits,Wii,2006,Action,0.22,0.01,0.08,0.02
LEGO The Hobbit,PS3,2014,Action,0.12,0.32,0,0.1
The Saboteur,PS3,2009,Action,0.2,0.22,0,0.08
Warriors Orochi 2,PS2,2008,Action,0.06,0.05,0,0.02
Worms: Battle Islands,Wii,2010,Strategy,0.11,0.1,0,0.02
The Amazing Spider-Man (Console Version),PS3,2012,Action,0.31,0.37,0,0.14
Monsters vs. Aliens,PS3,2009,Action,0.21,0.06,0,0.03
Moshi Monsters: Katsuma Unleashed,DS,2013,Action,0,0.13,0,0.02
The Da Vinci Code,PS2,2006,Action,0.07,0.05,0,0.02
Tom Clancy's HAWX 2,PS3,2010,Action,0.21,0.12,0.03,0.05
Legacy of Kain: Defiance,PS2,2003,Action,0.26,0.2,0,0.07
Dai-3-Ji Super Robot Taisen α: Shuuen no Ginga e,PS2,2005,Strategy,0,0,0.59,0
Do-Konjou Shougakussei: Bon Bita - Hadaka no Choujou Ketsusen!! Bita vs. Dokuro Dei!,DS,2010,Action,0,0,0.04,0
Metal Gear Solid 3: Snake Eater,PS2,2004,Action,1.46,0,0.83,1.93
NCAA Football 13,PS3,2012,Action,0.82,0,0,0.06
Rockstar Games Double Pack: Grand Theft Auto III & Grand Theft Auto Vice City,PS2,2003,Action,0.85,0.66,0,0.22
Yu-Gi-Oh! GX: The Beginning of Destiny (JP sales),PS2,2007,Strategy,0,0,0.02,0
Gladius,PS2,2003,Strategy,0.1,0.08,0,0.03
Penguins of Madagascar,Wii,2014,Action,0,0.02,0,0
Happy Feet,DS,2006,Action,0.27,0.01,0,0.02
Cy Girls,PS2,2004,Action,0.02,0.01,0,0
The Adventures of Darwin,PS2,2006,Strategy,0.01,0,0.03,0
Spider-Man: Web of Shadows,PS3,2008,Action,unknown,0.04,0,0.03
The Golden Compass,PS3,2007,Action,0.14,0.1,0,0.05
Katekyoo Hitman Reborn! DS: Ore ga Boss! Saikyou Family Taisen,DS,2009,Action,0,0,0.03,0
Mass Effect Trilogy,PS3,2012,Action,0.37,0,0,0.04
Zoey 101: Field Trip Fiasco,DS,2007,Action,0.02,0,0,0
The Destiny of Zorro,Wii,2009,Action,0.1,0,0,0.01
Ratchet & Clank: Going Commando (JP weekly sales),PS2,2003,Action,0,0,0.24,0
Green Lantern: Rise of the Manhunters,DS,2011,Action,0.08,0.02,0,0.01
Astro Boy: The Video Game,Wii,2009,Action,0.1,0,0,0.01
Sid Meier's Civilization Revolution,DS,2008,Strategy,0.38,0.03,0.02,0.04
Akiba's Trip: Undead & Undressed,PS3,2013,Action,0.05,0.01,0.04,0.01
Resident Evil 5,PS3,2009,Action,1.96,1.43,1.08,0.65
How to Train Your Dragon,Wii,2010,Action,0.24,0.15,0,0.04
Resident Evil Outbreak File #2,PS2,2004,Action,unknown,0.15,0.17,0.05
Samurai Warriors 3,Wii,2009,Action,0.1,0.02,0.32,0.01
Super Robot Taisen α Gaiden,PS,2001,Strategy,0,0,0.58,0.04
Kamen Rider Battle: Ganbaride,DS,2010,Strategy,0,0,0.14,0
Front Mission 2089: Border of Madness,DS,2008,Strategy,0,0,0.05,0
Ultimate Spider-Man,PS2,2005,Action,0.6,0.02,0,0.1
Tomb Raider: Legend,PS2,2006,Action,0.25,0.19,0.02,0.06
Mega Man X6,PS,2001,Action,0.14,0.1,0.16,0.03
Dark Void,PS3,2010,Action,0.18,0.12,0,0.06
Kouchuu Ouja Mushi King: Greatest Champion e no Michi DS 2,DS,2006,Action,0,0,0.13,0
Palais de Reine,PS2,2007,Strategy,0,0,0.01,0
Garfield: Lasagna World Tour,PS2,2007,Action,0.08,0.06,0,0.02
Guinness World Records: The Videogame,DS,2008,Action,unknown,0.01,0,0.04
Sengoku Basara: Sanada Yukimura-Den,PS3,2016,Action,0,0,0.02,0
Star Wars: The Force Unleashed,PS3,2008,Action,1.01,0.9,0,0.37
Samurai Warriors 2: Xtreme Legends (JP sales),PS2,2007,Action,0,0,0.33,0
God of War II,PS2,2007,Action,2.32,0.04,0.04,1.67
Tak and the Guardians of Gross,PS2,2008,Action,0.14,0.11,0,0.04
Kurupoto Cool Cool Stars,DS,2007,Action,0.06,0,0,0
Siren: Blood Curse,PS3,2008,Action,0,0.17,0.09,0.02
Chou Gekijoban Keroro Gunsou: Gekishin Dragon Warriors de Arimasu!,DS,2009,Action,0,0,0.04,0
Candace Kane's Candy Factory,DS,2008,Action,0.04,0,0,0
LEGO Harry Potter: Years 1-4,PS3,2010,Action,0.55,0.6,0,0.22
MySims SkyHeroes,DS,2010,Action,0.22,0.08,0,0.03
Tsukigime Ranko's Longest Day,PS3,2014,Action,0,0.01,0,0
SD Gundam G Generation Neo,PS2,2002,Strategy,0,0,0.57,0
The Chronicles of Narnia: Prince Caspian,PS3,2008,Action,0.14,0.02,0,0.02
Dynasty Tactics,PS2,2002,Strategy,0.06,0.05,0.16,0.02
McFarlane's Evil Prophecy,PS2,,Action,0.03,0.03,0,0.01
Jikkyou Powerful Pro Yakyuu 2012,PS3,2012,Action,0,0,0.21,0
Barbie: Groom and Glam Pups,DS,2010,Action,0.26,0.14,0,0.04
Ice Age: Dawn of the Dinosaurs,DS,2009,Action,0.2,0.15,0,0.04
Super Sentai Battle: Ranger Cross,Wii,2011,Action,0,0,0.08,0
Arcade Hits: Frisky Tom,PS,2002,Action,0.16,0.11,0,0.02
Mega Man Star Force 2: Zerker x Ninja / Saurian,DS,2007,Action,0.25,0,0.31,0.02
Chaotic: Shadow Warriors,Wii,2009,Action,0.18,0,0,0.01
Brutal Legend,PS3,2009,Action,0.54,0.28,0,0.13
The Powerpuff Girls: Relish Rampage,PS2,2002,Action,0.22,0.17,0,0.06
Resident Evil: Outbreak,PS2,2003,Action,0.54,0.35,0.46,0.1
Romance of the Three Kingdoms XI,PS2,2007,Strategy,0,0,0.07,0
Tokyo Jungle,PS3,2012,Action,0,0,0.26,0
Grid Runner,PS,1996,Action,0.02,0.01,0,0
Mini Ninjas,Wii,2009,Action,0.17,0.17,0,0.04
LEGO Batman: The Videogame,DS,2008,Action,1.79,1.06,0,0.29
Disney Infinity 3.0,PS3,2015,Action,0.14,0.25,0,0.08
The Lord of the Rings: Aragorn's Quest,DS,2010,Action,0.1,0.02,0,0.01
Constantine,PS2,2005,Action,0.05,0.04,0,0.01
Ojyousama Express,PS,1998,Strategy,0,0,0.06,0
Tears to Tiara: Garland of the Earth,PS3,2008,Strategy,0,0,0.08,0
Manhunt 2,PS2,2007,Action,0.27,0.21,0,0.07
Catan,DS,2009,Strategy,0,0.02,0,0
Ringling Bros. and Barnum & Bailey Circus,Wii,2009,Action,0.17,0,0,0.01
Pet Alien: An Intergalactic Puzzlepalooza,DS,2007,Action,0.03,0,0,0
Transformers: Dark of the Moon,PS3,2011,Action,0.11,0.19,0,0.07
Katekyoo Hitman Reborn! DS: Mafia Daishuugou Bongole Festival,DS,2008,Action,0,0,0.02,0
Worms: Open Warfare,DS,2006,Strategy,0.05,0.03,0,0.01
Tornado Outbreak,PS3,2009,Action,0.08,0,0,0.01
TRON: Evolution,PS3,2010,Action,0.27,0.1,0,0.05
Need for Speed: The Run,PS3,2011,Action,0.58,1.06,0.03,0.37
Legend of the Guardians: The Owls of Ga'Hoole,PS3,2010,Action,0.06,0.01,0,0.01
Yes! PreCure 5,DS,2007,Action,0,0,0.04,0
The Last Airbender,Wii,2010,Action,0.12,0.07,0,0.02
Around the World in 80 Days,DS,2010,Action,0,0.14,0,0.02
Dynasty Warriors: Gundam,PS2,2008,Action,0,0,0.28,0
Tenchu: Fatal Shadows,PS2,2004,Action,0.09,0.07,0,0.02
Ultimate Card Games DS,DS,2008,Strategy,0.08,0,0,0.01
TV Anime Idolm@ster: Cinderella Girls G4U! Pack Vol.5,PS3,2015,Action,0,0,0.02,0
Saban's Power Rangers: Lightspeed Rescue,PS,2000,Action,0.19,0.13,0,0.02
DmC: Devil May Cry,PS3,2013,Action,0.24,0.28,0.19,0.12
Skylanders Giants,Wii,2012,Action,1.56,0.88,0,0.22
LEGO Marvel Super Heroes,DS,2013,Action,0.28,0.17,0,0.04
Dynasty Warriors 5 Empires,PS2,2006,Action,0.11,0.09,0.12,0.03
Astro Boy: The Video Game,PS2,2009,Action,0.05,0.04,0,0.01
NBA 2K11,PS2,2010,Action,0.34,0.01,0,0.06
"Princess Natasha: Student, Secret Agent, Princess",DS,2006,Action,0.03,0,0,0
Dragon Quest Monsters: Battle Road Victory,Wii,2010,Strategy,0,0,0.32,0
Prince of Persia: The Fallen King,DS,2008,Action,0.06,0.01,0,0.01
Star Trek: Conquest,Wii,2007,Strategy,0.11,0.01,0,0.01
Tomb Raider: Underworld,PS2,2009,Action,0.09,0.04,0,0.05
The Golden Compass,DS,2007,Action,0.28,0.25,0,0.06
Shrek the Third,DS,,Action,0.26,0.02,0,0.02
Spider-Man: Edge of Time,PS3,2011,Action,0.13,0.07,0,0.03
Rise of the Kasai,PS2,2005,Action,0.09,0.07,0,0.02
Assassin's Creed III,PS3,2012,Action,2.64,2.56,0.16,1.14
SD Gundam G Century,PS,1997,Strategy,0,0,0.27,0.02
Chicken Shoot,Wii,2007,Action,0.33,0.01,0,0.02
Tom Clancy's Splinter Cell Trilogy,PS3,2011,Action,0,0.1,0,0.03
The Suffering: Ties That Bind,PS2,2005,Action,0.09,0.07,0,0.02
Star Wars The Clone Wars: Republic Heroes,PS3,2009,Action,0.19,0.19,0,0.07
Chicken Riot,Wii,2010,Action,0.15,0.16,0,0.03
Dai-2-Ji Super Robot Taisen α,PS2,2003,Strategy,0,0,0.6,0
The IdolM@ster: Gravure For You! Vol. 6,PS3,2012,Action,0,0,0.03,0
The Lord of the Rings: Aragorn's Quest,Wii,2010,Action,0.17,0.05,0,0.02
Mobile Suit Gundam 00: Gundam Meisters,PS2,2008,Action,0,0,0.06,0
The Lost World: Jurassic Park,PS,1997,Action,0.57,0.39,0,0.07
Ghostbusters: The Video Game,Wii,2009,Action,0.6,0.21,0,0.08
Master of Monsters: Disciples of Gaia,PS,1997,Strategy,0.02,0.01,0,0
Mobile Suit Gundam: Perfect One Year War,PS,1997,Strategy,0,0,0.14,0.01
Secrets of the Titanic,DS,2012,Action,0,0.02,0,0
Nobunaga no Yabou: Tendou,PS3,2010,Strategy,0,0,0.13,0
Panzer General,PS,1995,Strategy,0.14,0.09,0,0.02
Resident Evil Archives: Resident Evil Zero,Wii,2008,Action,0.14,0.04,0.06,0.02
Mobile Suit Gundam Battlefield Record U.C.0081,PS3,2009,Action,0,0,0.24,0
The Chase: Felix Meets Felicity,DS,2009,Action,0.04,0,0,0
Bakugan: Battle Brawlers,PS3,2009,Action,0.19,0.03,0,0.02
Metal Gear Rising: Revengeance,PS3,2013,Action,0.45,0.4,0.44,0.18
Murdered: Soul Suspect,PS3,2014,Action,0.05,0.06,0.02,0.02
Devil May Cry HD Collection,PS3,2012,Action,0.42,0.21,0.11,0.1
Samurai Warriors 4: Empires,PS3,2015,Action,0,0,0.06,0
Wedding Dash,DS,2009,Action,0.2,0,0,0.01
Nobunaga no Yabou: Kakushin with Power-Up Kit,PS2,2008,Strategy,0,0,0.03,0
Yes! Precure 5 Go Go Zenin Shu Go! Dream Festival,DS,2008,Action,0,0,0.02,0
Fighting Force 2,PS,1999,Action,0.31,0.21,0,0.04
Mary-Kate and Ashley: Crush Course,PS,2001,Action,0.08,0.05,0,0.01
Under the Skin,PS2,2004,Action,0.01,0.01,0,0
Shining Force Feather,DS,2009,Strategy,0,0,0.06,0
Silent Hill HD Collection,PS3,2012,Action,0.15,0.11,0.03,0.05
Young Justice: Legacy,Wii,2013,Action,0,0.03,0,0
NBA 2K11,PS3,2010,Action,1.41,0.21,0.03,0.16
The Penguins of Madagascar: Dr. Blowhole Returns - Again!,DS,2011,Action,0.07,0.03,0,0.01
Tak: Mojo Mistake,DS,2008,Action,0.16,0,0,0.01
Makai Senki Disgaea 4: Fuuka & Desco-hen Hajime Mashita,PS3,2011,Strategy,0,0,0.03,0
SD Gundam: Scad Hammers,Wii,2006,Strategy,0,0,0.05,0
Tom Clancy's EndWar,DS,2008,Strategy,0.08,0.01,0,0.01
Extermination,PS2,2001,Action,0.21,0.16,0.12,0.05
Big Bass Fishing,PS,2002,Action,0,0,0.02,0
Vandal Hearts II,PS,1999,Strategy,0.06,0.04,0,0.01
Simple 2000 Series Vol. 120: The Saigo no Nippon Tsuwamono,PS2,2007,Strategy,0,0,0.01,0
Up,PS2,2009,Action,0.19,0.05,0,0.24
Kung Fu Panda 2,PS3,2011,Action,0.04,0.04,0,0.02
Saints Row 2,PS3,2008,Action,0.88,0.54,0.02,0.25
Hannah Montana: Spotlight World Tour,PS2,2008,Action,0.12,0.02,0,0.14
Resident Evil: The Darkside Chronicles,Wii,2009,Action,0.48,0.32,0.2,0.09
Romance of the Three Kingdoms 13,PS3,2015,Action,0,0,0.04,0
LEGO Battles: Ninjago,DS,2011,Strategy,1.07,0.36,0,0.12
Peter Jackson's King Kong: The Official Game of the Movie,PS2,2005,Action,0.71,1.02,0,0.31
Pet in TV,PS,1997,Strategy,0,0,0.38,0.03
Strike Witches 2: Iyasu Naosu Punipunisuru,DS,2010,Action,0,0,0.02,0
Dynasty Warriors: Gundam 2,PS3,2008,Action,0.09,0.07,0.32,0.03
Bee Movie Game,PS2,2007,Action,0.05,0.04,0,0.01
Dead Rising 2: Off the Record,PS3,2011,Action,0.11,0.08,0.1,0.03
Harry Potter and the Order of the Phoenix,PS3,2007,Action,0.18,0.04,0,0.03
SpongeBob SquarePants: SuperSponge,PS,2001,Action,1.12,0.58,0,0.08
WWE '13,Wii,2012,Action,0.12,0.02,0,0.01
Blast Radius,PS,1998,Action,0.04,0.03,0,0
Conan,PS3,2007,Action,0.13,0.15,0,0.06
Samurai Warriors 2,PS2,2006,Action,0.02,0.02,0.57,0.01
Ben 10 Alien Force: Vilgax Attacks,DS,2009,Action,0.22,0.16,0,0.04
Dynasty Warriors: Gundam 3,PS3,2010,Action,0.11,0.05,0.36,0.02
The Tomb Raider Trilogy,PS3,2011,Action,0.27,0.5,0,0.17
Katekyoo Hitman Reborn!! Let's Ansatsu!? Nerawareta 10 Daime!,PS2,2007,Action,0,0,0.02,0
Power Rangers Samurai,Wii,2011,Action,0.29,0.03,0,0.02
LEGO Dimensions,PS3,2015,Action,0.15,0.3,0,0.09
Looney Tunes: Duck Amuck,DS,2007,Action,0.28,0,0,0.02
Sleeping Dogs,PS3,2012,Action,0.31,0.5,0.05,0.19
Dragon Blade: Wrath of Fire,Wii,2007,Action,0.17,0,0,0.01
Planet 51,PS3,2009,Action,0.07,0.03,0,0.02
Mobile Suit Gundam version 2.0,PS,1996,Action,0,0,0.36,0.02
Disney Infinity,Wii,2013,Action,1.15,0.44,0,0.14
Bakugan: Battle Trainer,DS,2010,Action,0.12,0,0,0.01
WCW Backstage Assault,PS,1999,Action,0.12,0.08,0,0.01
Jewel Link: Galactic Quest,DS,2012,Action,0,0.02,0,0
Devil May Cry 3: Dante's Awakening Special Edition,PS2,2006,Action,1.06,0.82,0.05,0.28
The Godfather II,PS3,2009,Action,0.41,0.22,0.01,0.11
Project: Snowblind,PS2,2005,Action,0.1,0.08,0,0.03
Burger Island,Wii,2009,Action,0.14,0,0,0.01
Fast & Furious: Showdown,PS3,2013,Action,0,0.03,0,0
Shugo Chara! 3-tsu no Tamagoto Koisuru Joker,DS,2008,Action,0,0,0.05,0
Kabu Trader Shun,DS,2007,Action,0,0,0.03,0
Timmy Time,DS,2011,Action,0,0.03,0,0
Destroy All Humans! 2,PS2,2006,Action,0.4,0.02,0,0.07
True Crime: New York City,PS2,2005,Action,0.57,0.02,0.07,0.09
Wild 9,PS,1998,Action,0.13,0.09,0,0.02
Haunting Ground,PS2,2005,Action,0.03,0.03,0,0.01
Monkey Hero,PS,1998,Action,0.04,0.03,0,0
Sengoku Musou 3 Z,PS3,2011,Action,0,0,0.33,0
Soul Eater: Plot of Medusa,DS,2008,Action,0,0,0.05,0
Monster High: New Ghoul in School,Wii,2015,Action,0,0.03,0,0
Saints Row: The Third,PS3,2011,Action,0.86,1.06,0.18,0.39
LEGO Harry Potter: Years 1-4,Wii,2010,Action,1.29,0.97,0,0.23
Green Lantern: Rise of the Manhunters,PS3,2011,Action,0.09,0.05,0,0.03
Houshinengi,PS,1998,Strategy,0,0,0.13,0.01
Tornado,DS,,Action,0.07,0,0,0
Kouchuu Ouja Mushi King: Greatest Champion e no Michi DS,DS,2005,Action,0,0,0.19,0
Transformers: Dark of the Moon,Wii,2011,Action,0.1,0.07,0,0.02
Sengoku Basara 2 Heroes,Wii,2007,Action,0,0,0.01,0
Nobunaga's Ambition: Rise to Power,PS2,2004,Strategy,0,0,0.08,0
Killer is Dead,PS3,2013,Action,0.12,0.04,0.05,0.02
Nightmare Creatures II,PS,2000,Action,0.09,0.06,0,0.01
Mushroom Men: Rise of the Fungi,DS,2008,Action,0.1,0,0,0.01
One Piece: Pirate Warriors 3,PS3,2015,Action,0,0.09,0.19,0.01
Night at the Museum: Battle of the Smithsonian,Wii,2009,Action,0.17,0.13,0,0.03
Up,PS3,2009,Action,0.15,0.07,0,0.03
[Prototype],PS3,2009,Action,0.65,0.41,0,0.19
Battle of Giants: Dragons,DS,2009,Strategy,0.31,0.25,0,0.06
G.I. Joe: The Rise of Cobra,PS2,2009,Action,0.11,0,0,0.03
Super Robot Taisen OG Saga: Masou Kishin III - Pride of Justice,PS3,2013,Strategy,0,0,0.07,0
Sid Meier's Pirates!,Wii,2010,Strategy,0.13,0.02,0,0.01
Romance of the Three Kingdoms X,PS2,2005,Strategy,0.04,0.03,0,0.01
Yakuza 4,PS3,,Action,0.15,0.14,0.63,0.05
Dollar Dash,PS2,2005,Action,1.3,0.23,0,0.07
The Lord of the Rings: War in the North,PS3,,Action,0.25,0.45,0.01,0.15
The Suffering,PS2,2004,Action,0.2,0.16,0,0.05
Prince of Persia: The Forgotten Sands,DS,2010,Action,0.14,0.01,0,0.01
Galaxy Angel II: Zettairyouiki no Tobira,PS2,2006,Strategy,0,0,0.03,0
Escape Dead Island,PS3,2014,Action,0.03,0.04,0,0.01
Fire Emblem: Radiant Dawn,Wii,2007,Strategy,0.28,0.03,0.17,0.03
Ice Age: Dawn of the Dinosaurs,Wii,2009,Action,0.11,0.14,0,0.03
Resident Evil 2,PS,1998,Action,1.88,1.47,2.02,0.45
Silent Hill: Homecoming,PS3,,Action,0.18,0.15,0,0.06
G-Force,PS3,2009,Action,0.13,0.06,0,0.03
Enter the Matrix,PS2,2003,Action,1.78,1.12,0.09,0.19
Bladestorm: The Hundred Years' War,PS3,2007,Action,0.1,0.03,0.14,0.02
Elements of Destruction,DS,2007,Strategy,0.07,0,0,0.01
Romance of the Three Kingdoms VI: Awakening of the Dragon,PS,1998,Strategy,0.03,0.02,0,0
El Shaddai: Ascension of the Metatron,PS3,2011,Action,0.11,0.07,0.08,0.03
Skylanders: Trap Team,PS3,2014,Action,0.24,0.33,0,0.12
Yogi Bear: The Video Game,DS,2010,Action,0.1,0.03,0,0.01
Metal Gear Solid 4: Guns of the Patriots,PS3,2008,Action,2.63,1.74,0.83,0.83
State of Emergency,PS2,2002,Action,0.86,0.67,0,0.22
Daniel X: The Ultimate Power,DS,2010,Action,0.07,0,0,0.01
Nobunaga no Yabou DS 2,DS,2008,Strategy,0,0,0.03,0
Harry Potter and the Half-Blood Prince,PS3,2009,Action,0.15,0.13,0,0.06
Civilization II,PS,1998,Strategy,0.15,0.11,0,0.02
Island Xtreme Stunts,PS2,2002,Action,0.04,0.03,0,0.01
FIFA Soccer 13,PS3,2012,Action,1.06,5.05,0.13,2.01
Dynasty Warriors 4: Xtreme Legends,PS2,2003,Action,0.17,0.13,0.51,0.04
Ghostbusters: The Video Game,PS2,2009,Action,0.15,0.04,0,0.24
DuckTales: Remastered,PS3,2013,Action,0.01,0.04,0,0.01
Harry Potter and the Chamber of Secrets,PS,2002,Action,0.75,1.09,0.02,0.12
Barbie: Race & Ride,PS,1999,Action,0.33,0.22,0,0.04
Mystic Heroes,PS2,2002,Action,0.03,0.02,0,0.01
Jissen Pachislot Secrets! Fist of the North Star F - Seikimatsu Kyuuseishu Densetsu,PS3,2012,Action,0,0,0.06,0
Spider-Man 2,DS,2004,Action,0.41,0.02,0.03,0.04
LEGO Indiana Jones: The Original Adventures,PS3,2008,Action,0.44,0.44,0,0.18
Grand Theft Auto III,PS2,2001,Action,6.99,4.51,0.3,1.3
Power Rangers: Super Legends,DS,2007,Action,0.08,0.03,0,0.01
Kikou Heidan J-Phoenix,PS2,2001,Action,0,0,0.06,0
Rudolph the Red-Nosed Reindeer,DS,2010,Action,0.15,0,0,0.01
Metal Fight Beyblade,DS,2009,Action,0,0,0.09,0
Samurai Warriors 2,PS3,2013,Action,0,0,0.03,0
Fade to Black,PS,1996,Action,0.19,0.13,0,0.02
Resident Evil,PS,1996,Action,2.05,1.16,1.11,0.73
Rampage 2: Universal Tour,PS,1998,Action,0.13,0.09,0,0.01
Tenka-bito,PS2,2006,Strategy,0,0,0.03,0
Black Cat,PS2,2006,Action,0,0,0.01,0
Metal Fight Beyblade: Choujou Kessen! Big Bang Bladers,DS,2010,Action,0,0,0.02,0
Busou Renkin: Youkoso Papillon Park e,PS2,2007,Action,0,0,0.02,0
The Scorpion King: Rise of the Akkadian,PS2,2002,Action,0.11,0.09,0,0.03
Def Jam Icon,PS3,2007,Action,0.16,0.19,0,0.08
Pirates PlundArrr,Wii,2010,Action,0.02,0,0,0
Casper: Friends Around the World,PS,2000,Action,0.1,0.07,0,0.01
Samurai Warriors: Xtreme Legends,PS2,2004,Action,0.04,0.03,0.36,0.01
Fire Emblem: Shin Monshou no Nazo Hikari to Kage no Eiyuu,DS,2010,Strategy,0,0,0.27,0
Mister Slime,DS,2008,Action,0.05,0,0,0
Disney's Aladdin in Nasira's Revenge,PS,2000,Action,0.05,0.04,0,0.01
Playmobil Pirates,DS,2009,Action,0.08,0,0,0.01
Cats & Dogs: The Revenge of Kitty Galore,DS,2010,Action,0.1,0,0,0.01
Dynasty Warriors 7: Xtreme Legends,PS3,2011,Action,0.04,0.05,0.16,0.02
Pirates of the Caribbean: At World's End,DS,2007,Action,0.3,0.01,0.01,0.03
Lego Batman 3: Beyond Gotham,PS3,2014,Action,0.33,0.35,0,0.13
FlingSmash,Wii,2010,Action,0.38,0.01,0.07,0.02
Family Guy: Back to the Multiverse,PS3,2012,Action,0.12,0.12,0,0.05
Medieval Moves: Deadmund's Quest,PS3,2011,Action,0.13,0.12,0,0.05
OverBlood 2,PS,1998,Action,0,0,0.06,0
Thrillville: Off the Rails,PS2,2007,Strategy,0.2,0.16,0,0.05
Uprising X,PS,1998,Action,0.04,0.03,0,0
Watchmen: The End is Nigh - The Complete Experience,PS3,2009,Action,0.08,0.07,0,0.02
Iron Man 2,DS,2010,Action,0.15,0.16,0,0.03
Naruto: Uzumaki Chronicles 2,PS2,2006,Action,0.28,0.22,0,0.07
Sorcery,PS3,2012,Action,0.14,0.12,0,0.05
Terminator 3: Rise of the Machines,PS2,2003,Action,0.28,0.22,0,0.07
Kung Fu Panda: Legendary Warriors,DS,2008,Action,0.02,0,0,0
Spy Fiction,PS2,2003,Action,0.02,0.02,0,0.01
Tenchu 2: Birth of the Stealth Assassins,PS,2000,Action,0.32,0.22,0,0.04
NBA 2K6,PS2,2005,Action,0.43,0.34,0,0.11
Animorphs: Shattered Reality,PS,2000,Action,0.03,0.02,0,0
Deep Labyrinth,DS,2006,Action,0.06,0,0,0
SD Gundam: Gashapon Wars,Wii,2010,Strategy,0,0,0.03,0
Resident Evil: Deadly Silence,DS,2006,Action,0.12,0.03,0.11,0.01
The Cursed Crusade,PS3,2011,Action,0.07,0.07,0.01,0.03
G-Police,PS,1997,Action,0.13,0.09,0,0.02
Thrillville,PS2,2006,Strategy,0.55,0.02,0,0.09
Playmobil Circus,Wii,2009,Action,0.06,0.02,0,0.01
Saint Seiya: Sanctuary Battle,PS3,2011,Action,0,0.09,0.11,0.03
Astro Boy: The Video Game,DS,2009,Action,0.09,0,0,0.01
No More Heroes: Red Zone,PS3,2011,Action,0,0,0.09,0
Eureka Seven AO: Jungfrau no Hanabanatachi,PS3,2012,Action,0,0,0.03,0
Dragon Quest Heroes II: Twin Kings and the Prophecy's End,PS3,2016,Action,0,0,0.13,0
Simple DS Series Vol. 41: The Bakudan Shori-Han,DS,2008,Action,0,0,0.01,0
God Hand,PS2,2006,Action,0,0,0.07,0
Tomb Raider: The Last Revelation,PS,1998,Action,1.15,1.14,0.06,0.13
Teenage Mutant Ninja Turtles,PS2,2003,Action,0.45,0.35,0,0.12
X-Blades,PS3,2009,Action,0.07,0.03,0.02,0.02
Warriors Orochi 3,PS3,2011,Action,0,0.04,0.57,0.01
Resident Evil: Dead Aim,PS2,2003,Action,0.17,0.13,0,0.04
God of War: Origins Collection,PS3,2011,Action,0.39,0.08,0.02,0.06
Adventure Time: Explore the Dungeon Because I Don't Know!,PS3,2013,Action,0.02,0.02,0,0.01
Warhammer: Dark Omen,PS,1998,Strategy,0.02,0.01,0,0
Fatal Frame,PS2,2001,Action,0.07,0.06,0,0.02
Transformers: War for Cybertron -- Decepticons,DS,2010,Action,0.11,0.01,0,0.01
Romance of the Three Kingdoms IV: Wall of Fire,PS,1995,Strategy,0.05,0.03,0.04,0.01
Metroid: Other M,Wii,2010,Action,0.87,0.31,0.13,0.1
Castlevania: Lament of Innocence,PS2,2003,Action,0.46,0.36,0,0.12
Crazy Chicken Tales,Wii,2009,Action,0.06,0,0,0
Future Tactics: The Uprising,PS2,2004,Strategy,0.03,0.03,0,0.01
"Go, Diego, Go!: Great Dinosaur Rescue",PS2,2008,Action,0.16,0.12,0,0.04
The Incredible Hulk,Wii,2008,Action,0.28,0.01,0,0.02
Avatar: The Game,Wii,2009,Action,0.33,0.32,0,0.08
Ghostbusters: The Video Game,PS3,2009,Action,0.34,0.37,0,0.15
Mega Man X4,PS,1996,Action,0.45,0.3,0.22,0.07
Vanguard Bandits,PS,1998,Strategy,0.04,0.03,0,0
Silverlicious,DS,2012,Action,0.03,0,0,0
Nacho Libre,DS,2006,Action,0.03,0,0,0
Space Battleship Yamato: Harukanaru Hoshi Iscandar,PS,1999,Strategy,0,0,0.16,0.01
Manhunt,PS2,2003,Action,0.63,0.49,0,0.16
Metal Gear Solid 2: Substance,PS2,2002,Action,0.18,0.14,0.16,0.05
Samurai Jack: The Shadow of Aku,PS2,2004,Action,0.03,0.02,0,0.01
Jewel Quest 5: The Sleepless Star,DS,2012,Action,0,0.02,0,0
Spider-Man: Edge of Time,Wii,2011,Action,0.06,0.02,0,0.01
Prince of Persia: The Sands of Time,PS2,2003,Action,0.88,1.03,0,0.31
Nobunaga no Yabou: Tendou with Power-Up Kit,PS3,2011,Strategy,0,0,0.07,0
Tokyo Beat Down,DS,2008,Action,0.07,0,0,0.01
Harry Potter and the Sorcerer's Stone,PS2,2003,Action,0.14,0.11,0,0.04
Dante's Inferno,PS3,2010,Action,0.64,0.28,0.04,0.13
Kidou Senshi Gundam: Giren no Yabou - Axis no Kyoui V,PS2,2009,Strategy,0,0,0.07,0
Big Idea's VeggieTales: LarryBoy and the Bad Apple,PS2,2006,Action,0.01,0.01,0,0
Candace Kane's Candy Factory,Wii,2008,Action,0.14,0,0,0.01
Marvel Super Hero Squad: Comic Combat,Wii,2011,Action,0.15,0.03,0,0.01
Twisted Metal: Small Brawl,PS,,Action,0.1,0.07,0,0.01
Perfect Weapon,PS,1996,Action,0.13,0.09,0,0.02
Disney's The Lion King: Simba's Mighty Adventure,PS,2000,Action,0.08,0.06,0,0.01
Dynasty Warriors DS: Fighter's Battle,DS,2007,Action,0.04,0,0.03,0
Resident Evil 3: Nemesis,PS,1999,Action,1.3,0.77,1.54,0.11
Nobunaga no Yabou DS,DS,2006,Strategy,0,0,0.01,0
Top Spin 3,PS3,2008,Action,0.08,0.37,0,0.12
Harry Potter and the Deathly Hallows - Part 1,PS3,2010,Action,0.13,0.21,0,0.08
Bayonetta,PS3,2009,Action,0.44,0.41,0.21,0.17
Ratchet & Clank Collection,PS3,2012,Action,0.47,0.14,0.02,0.09
Okami,Wii,2008,Action,0.45,0.1,0.04,0.05
Kamiwaza,PS2,2006,Action,0,0,0.05,0
Soul Reaver 2,PS2,2001,Action,0.27,0.21,0,0.07
Playmobil Knights,DS,2009,Action,0.04,0.01,0,0
Skylanders: Trap Team,Wii,2014,Action,0.42,0.54,0,0.08
LEGO Indiana Jones: The Original Adventures,DS,2008,Action,1.42,0.61,0,0.21
From Russia With Love,PS2,2005,Action,0.34,0.01,0,0.06
Rango: The Video Game,PS3,2011,Action,0.07,0.09,0,0.04
Devil May Cry 4,PS3,2008,Action,0.58,0.46,0.34,0.21
Grudge Warriors,PS,1999,Action,0.23,0.16,0,0.03
Power Shovel,PS,2000,Action,0.03,0.02,0,0
Genji: Dawn of the Samurai,PS2,2005,Action,0.11,0.09,0,0.03
Metal Gear Solid V: The Phantom Pain,PS3,2015,Action,0.21,0.18,0.22,0.08
Disaster: Day of Crisis,Wii,2008,Action,0,0.03,0.04,0
Devil May Cry 2,PS2,2003,Action,0.71,0.58,0.51,0.17
Onimusha Essentials,PS2,2008,Action,0.07,0.05,0,0.02
Toy Story 3: The Video Game,DS,2010,Action,0.93,0.97,0.02,0.21
Remember Me,PS3,2013,Action,0.1,0.18,0,0.07
World Destruction League: Thunder Tanks,PS,2000,Action,0.09,0.06,0,0.01
Front Mission 3,PS,1999,Strategy,0.1,0.07,0.31,0.03
Ben 10: Alien Force,Wii,2008,Action,0.52,0.21,0,0.07
Tenchu: Shadow Assassins,Wii,2008,Action,0.16,0.01,0.03,0.02
The Spiderwick Chronicles,Wii,2008,Action,0.17,0.01,0,0.01
Yakuza Zero: The Place of Oath,PS3,2015,Action,0,0,0.25,0
Avatar: The Last Airbender - The Burning Earth,Wii,2007,Action,0.24,0,0,0.02
Machi-ing Maker 4,PS3,2011,Strategy,0,0,0.02,0
One Piece: Pirate Warriors 2,PS3,2013,Action,0,0.2,0.42,0.07
Sega Ages 2500 Series Vol. 26: Dynamite Deka,PS2,2006,Action,0,0,0.02,0
Star Wars: The Force Unleashed II,Wii,2010,Action,0.54,0.19,0,0.06
Yakuza,PS3,2012,Action,0,0,0.11,0
Tom Clancy's Splinter Cell: Pandora Tomorrow,PS2,2004,Action,0.52,0.56,0,0.17
Pac-Man World,PS,1998,Action,1.21,0.14,0.1,0.04
Populous: The Beginning,PS,1998,Strategy,0.05,0.04,0,0.01
Power Rangers Samurai,DS,2011,Action,0.27,0.04,0,0.02
LEGO Indiana Jones 2: The Adventure Continues,DS,2009,Action,0.66,0.43,0,0.12
Little King's Story,Wii,2009,Strategy,0.15,0.11,0.02,0.02
Duel Masters,PS2,2004,Strategy,0.13,0.1,0,0.03
Bakugan Battle Brawlers: Defenders of the Core,PS3,2010,Action,0.14,0.01,0,0.02
Kikou Heidan J-Phoenix: Cobalt Shoutaihen,PS2,2002,Action,0,0,0.02,0
Go Diego Go! Great Dinosaur Rescue,Wii,2008,Action,0.53,0.02,0,0.04
Chaotic: Shadow Warriors,PS3,2009,Action,0.15,0,0,0.01
King Arthur,PS2,2004,Action,0.07,0.05,0,0.02
Assault: Retribution,PS,1998,Action,0.07,0.05,0,0.01
inFAMOUS 2,PS3,2011,Action,1.05,0.49,0.08,0.23
Viewtiful Joe 2,PS2,2004,Action,0.1,0.08,0,0.03
Sengoku Basara 4,PS3,2014,Action,0,0,0.27,0
Worms Armageddon,PS,1999,Strategy,0.18,0.81,0,0.08
Ishin no Arashi: Shippuu Ryuumeden,DS,2010,Strategy,0,0,0.01,0
Harry Potter and the Goblet of Fire,DS,2005,Action,0.21,0.02,0,0.02
Harry Potter and the Goblet of Fire,PS2,2005,Action,0.54,0.02,0,0.09
WipeOut 3 The Game,Wii,2012,Action,0.38,0,0,0.03
Monsters vs. Aliens,DS,2009,Action,0.33,0.13,0,0.05
Avatar: The Game,PS3,2009,Action,0.32,0.43,0,0.16
Resident Evil: Operation Raccoon City,PS3,2012,Action,0.48,0.25,0.36,0.1
Blades of Time,PS3,2012,Action,0.04,0.03,0.01,0.01
Rudolph the Red-Nosed Reindeer,Wii,2010,Action,0.15,0,0,0.01
Samurai Warriors: Katana,Wii,2007,Action,0.11,0,0.04,0.01
Fantastic Four: Rise of the Silver Surfer,PS3,2007,Action,0.12,0.02,0,0.02
The Simpsons Game,PS2,2007,Action,0.35,0.03,0,1.13
LEGO The Lord of the Rings,Wii,2012,Action,0.52,0.37,0,0.08
Trap Gunner: Countdown to Oblivion,PS,1998,Strategy,0.02,0.01,0,0
Coraline,PS2,2009,Action,0.06,0.04,0,0.01
ICO,PS2,2001,Action,0.23,0.18,0,0.06
Command & Conquer,PS,1996,Strategy,0.22,0.15,0,0.03
Metro: Last Light,PS3,2013,Action,0.14,0.2,0.03,0.08
Sentou Kokka Air Land Battle,PS,1995,Strategy,0,0,0.13,0.01
LEGO Pirates of the Caribbean: The Video Game,DS,2011,Action,0.37,0.49,0,0.1
Rosco McQueen: Firefighter Extreme,PS,1997,Action,0.05,0.04,0,0.01
Aliens in the Attic,Wii,2009,Action,0.07,0,0,0.01
Skylanders: SuperChargers,Wii,2015,Action,0.05,0.19,0,0.02
Captain America: Super Soldier,PS3,2011,Action,0.1,0.07,0,0.03
LEGO Indiana Jones: The Original Adventures,Wii,,Action,1.54,0.63,0,0.22
Kamen Rider: Battride War Genesis,PS3,2016,Action,0,0,0.04,0
Age of Empires: The Age of Kings,DS,2006,Strategy,0.19,0.02,0,0.02
Katekyoo Hitman Reborn! DS Flame Rumble XX - Kessen! Shin 6 Chouka,DS,2010,Action,0,0,0.06,0
The Lord of the Rings: Conquest,DS,2009,Action,0.09,0.01,0,0.01
The Incredible Hulk,DS,2008,Action,0.22,0,0,0.02
Madagascar: Escape 2 Africa,DS,2008,Action,0.42,0.26,0,0.07
Jaws: Ultimate Predator,Wii,2011,Action,0.09,0,0,0.01
Enslaved: Odyssey to the West,PS3,2010,Action,0.24,0.24,0.01,0.09
Tiny Toon Adventures: Toonenstein - Dare to Scare,PS,1998,Action,0.03,0.02,0,0
Ringling Bros. and Barnum & Bailey: Circus Friends,DS,2009,Action,0.16,0,0,0.01
Ben 10 Alien Force: Vilgax Attacks,PS2,2009,Action,0.11,0.03,0,0.15
Naughty Bear,PS3,2010,Action,0.18,0.18,0,0.07
Assassin's Creed: Revelations,PS3,2011,Action,1.41,2.02,0.1,0.72
Resident Evil Director's Cut: Dual Shock Edition,PS,1997,Action,0,0,0.16,0.01
Naruto Shippuuden: Shinobi Retsuden III,DS,2009,Action,0,0,0.04,0
Overlord II,PS3,2009,Action,0.11,0.15,0,0.06
The Suite Life of Zack & Cody: Tipton Trouble,DS,2006,Action,0.23,0,0,0.02
Pro Evolution Soccer 2014,PS3,2013,Action,0.03,0.43,0.51,0.01
Captain America: Super Soldier,DS,,Action,0.05,0,0,0
Tamagotchi no Pichi Pichi Omisecchi,DS,2010,Action,0,0,0.13,0
SpongeBob's Truth or Square,DS,2009,Action,0.08,0.07,0,0.01
Strike Witches: Anata to Dekiru Koto - A Little Peaceful Days,PS2,2010,Action,0,0,0.02,0
Vampire Rain: Altered Species,PS3,2008,Action,0.05,0,0,0
The Story of Noah's Ark,DS,2010,Action,0.1,0,0,0.01
Driver,PS,1999,Action,3.11,2.8,0.02,0.33
Clever Kids: Creepy Crawlies,DS,2009,Action,0,0.04,0,0
Natalie Brooks: Mystery at Hillcrest High,DS,2012,Action,0,0.02,0,0
Devil May Cry 3: Dante's Awakening,PS2,2005,Action,0.99,0.63,0.29,0.19
Legacy of Kain: Soul Reaver,PS,,Action,0.58,0.4,0,0.07
Cyber Sled,PS,1995,Action,0,0,0.13,0.01
Silent Hill: Downpour,PS3,2012,Action,0.21,0.16,0.04,0.06
Tenchu: Dark Secret,DS,2006,Action,0.03,0,0.01,0
Nightshade,PS2,2003,Action,0.06,0.04,0,0.01
Space Camp,DS,2009,Action,0.14,0,0,0.01
Making History: The Great War,Wii,2010,Strategy,0,0,0.15,0
Dragon Age II,PS3,2011,Action,0.4,0.27,0.05,0.12
Kousoku Card Battle: Card Hero,DS,2007,Strategy,0,0,0.11,0
Mobile Suit Gundam Side Story: Missing Link,PS3,2014,Action,0,0,0.12,0
Disaster Report,PS2,2002,Action,0.03,0.02,0.15,0.01
No More Heroes 2: Desperate Struggle,Wii,2010,Action,0.21,0.12,0.04,0.03
Batman: Arkham City,PS3,2011,Action,2.7,1.91,0.11,0.8
Winning Post 8 2015,PS3,2015,Action,0,0,0.02,0
DragonHeart: Fire & Steel,PS,1996,Action,0.02,0.01,0,0
Kartia: The Word of Fate,PS,1998,Strategy,0.05,0.03,0.12,0.01
Resident Evil,PS3,2006,Action,0,0,0.12,0
Uncharted: Drake's Fortune,PS3,2007,Action,2.31,1.73,0.12,0.78
Military History: Commander - Europe at War,DS,2009,Strategy,0,0.01,0,0
Prince of Persia: The Forgotten Sands,Wii,2010,Action,0.11,0.11,0,0.02
Castlevania: Lords of Shadow 2,PS3,2014,Action,0.03,0.13,0.02,0.04
Crysis 2,PS3,2011,Action,0.45,0.57,0.06,0.21
Godzilla Unleashed: Double Smash,DS,2007,Action,0.11,0,0,0.01
Ben 10: Alien Force,PS2,2008,Action,0.22,0.02,0,0.33
Galaxy Angel II: Mugen Kairou no Kagi,PS2,2007,Strategy,0,0,0.03,0
Wrath Unleashed,PS2,2004,Strategy,0.04,0.03,0,0.01
Okami,PS2,2006,Action,0.11,0.03,0.15,0.34
Raw Danger!,PS2,2006,Action,0.02,0.01,0,0
Phineas and Ferb: Across the 2nd Dimension,DS,2011,Action,0.32,0.19,0,0.05
Resident Evil Director's Cut,PS,1996,Action,1.82,1.24,0.47,0.25
The Amazing Spider-Man (Console Version),Wii,2012,Action,0.11,0.04,0,0.01
Gegege no Kitarou: Youkai Daigekisen,DS,2008,Action,0,0,0.06,0
LEGO Battles,DS,2009,Strategy,0.81,0.38,0,0.12
Scooby-Doo! Mystery Mayhem,PS2,2004,Action,0.22,0.17,0,0.06
Transformer: Rise of the Dark Spark,PS3,2014,Action,0.04,0.05,0.01,0.02
Prince of Persia: The Two Thrones,PS2,2005,Action,0.57,0.02,0,0.09
Ben 10 Alien Force: Vilgax Attacks,Wii,2009,Action,0.25,0.15,0,0.04
Natsuiro High School: Seishun Hakusho,PS3,2015,Action,0,0,0.02,0
The Last Airbender,DS,2010,Action,0.13,0.04,0,0.01
Kessen,PS2,2000,Strategy,0.27,0.21,0.41,0.07
San Goku Shi DS 3,DS,2010,Strategy,0,0,0.04,0
Jaws Unleashed,PS2,2006,Action,0.5,0.02,0,0.08
Medieval Games,Wii,2009,Action,0.14,0.01,0,0.01
Disney's Treasure Planet,PS2,2002,Action,0.16,0.13,0,0.04
Deadpool,PS3,2013,Action,0.23,0.17,0,0.08
Action Bass,PS,2000,Action,0.64,0.43,0,0.07
Brave: The Video Game,Wii,2012,Action,0,0.02,0,0
The Mummy Returns,PS2,2001,Action,0.25,0.19,0,0.06
Invizimals: The Lost Kingdom,PS3,2013,Action,0,0.02,0,0.01
Star Wars: Lethal Alliance,DS,2006,Action,0.08,0.01,0,0.01
Shadow Madness,PS,1999,Action,0.1,0.07,0,0.01
RoadKill,PS2,2003,Action,0.08,0.07,0,0.02
Bee Movie Game,DS,2007,Action,0.41,0,0,0.03
Chuck E. Cheese's Super Collection,Wii,2011,Action,0.02,0,0,0
Beat Down: Fists of Vengeance,PS2,2005,Action,0.04,0.03,0.09,0.01
Madagascar: Escape 2 Africa,PS3,2008,Action,0.12,0.08,0,0.04
"Transformers: The Game (XBox 360, PS2, PS3, Wii & PC Versions)",PS3,2007,Action,0.32,0.04,0.01,0.04
JoJo no Kimy? na B?ken Fantomu Buraddo,PS2,2006,Action,0,0,0.05,0
Bakugan: Battle Brawlers,DS,2009,Action,1.27,0.02,0,0.09
Megamind: Ultimate Showdown,PS3,2010,Action,0.07,0.06,0,0.02
Ben 10: Protector of Earth,Wii,2007,Action,0.55,0.55,0,0.13
Alex Rider: Stormbreaker,DS,,Action,0.06,0,0,0
Monkey Madness: Island Escape,DS,2010,Action,0.01,0,0,0
Ratatouille,PS2,2007,Action,0.31,0,0,0.53
Kamen Rider: Battride War II,PS3,2014,Action,0,0,0.1,0
Nanashi no Game Me,DS,2009,Action,0,0,0.03,0
007: The World is not Enough,PS,2000,Action,0.51,0.35,0,0.06
Disney Universe,Wii,2011,Action,0.67,0.3,0,0.1
Pirates: Duels on the High Seas,DS,2008,Action,0.03,0,0,0
Cory in the House,DS,2007,Action,0.11,0,0,0.01
Secret Service: Ultimate Sacrifice,PS2,2008,Action,0.03,0.03,0,0.01
Dynasty Warriors 3: Xtreme Legends,PS2,2002,Action,0.13,0.1,0.74,0.03
SpongeBob's Truth or Square (US sales),Wii,2009,Action,0.38,0.01,0,0
Hannah Montana,DS,2006,Action,1.59,0.8,0,0.26
Pacific Liberator,Wii,2009,Action,0.03,0,0,0
Super Robot Taisen Neo,Wii,2009,Strategy,0,0,0.05,0
Dead Space 3,PS3,2013,Action,0.44,0.38,0,0.17
Naruto: Ninja Council 3,DS,2006,Action,0.39,0,0,0.03
Chess,PS,2001,Strategy,0.05,0.04,0,0.01
Mega Man X7,PS2,2003,Action,0.22,0.17,0.14,0.06
Chaos Wars,PS2,2006,Strategy,0,0,0.04,0
Twisted Metal III,PS,1998,Action,1.48,0.2,0,0.05
Fatal Frame II: Crimson Butterfly,PS2,2003,Action,0.08,0.06,0,0.02
Death By Degrees,PS2,2005,Action,0.05,0.04,0,0.01
Fatal Frame III: The Tormented,PS2,2005,Action,0.04,0.03,0,0.01
Heavenly Sword,PS3,2007,Action,0.57,0.73,0.06,0.3
Dynasty Warriors 7,PS3,2011,Action,0.25,0.14,0.46,0.06
Killer7,PS2,2005,Action,0.04,0.03,0,0.01
Transformers: Devastation,PS3,2015,Action,0.03,0.07,0,0.02
Turok,PS3,2008,Action,0.35,0.22,0.01,0.1
Top Spin 3,DS,2008,Action,0.11,0.02,0,0.01
Green Lantern: Rise of the Manhunters,Wii,2011,Action,0.06,0.04,0,0.01
The Chronicles of Narnia: Prince Caspian,DS,2008,Action,0.19,0.01,0,0.02
And1 Streetball,PS2,2006,Action,0.13,0.1,0,0.03
Tomb Raider: Underworld,DS,2008,Action,0.16,0.03,0,0.02
Dynasty Warriors 5,PS2,2005,Action,0.24,0.18,0.91,0.06
Tomb Raider: Anniversary,PS2,2007,Action,0.41,0.02,0,0.07
Spider-Man: Shattered Dimensions,PS3,2010,Action,0.26,0.13,0,0.06
Heroes of Mana,DS,2007,Strategy,0.08,0.01,0.05,0.01
Shellshock,PS,1995,Action,0.06,0.04,0,0.01
Catwoman,PS2,2004,Action,0.08,0.06,0,0.02
Bladestorm: Nightmare,PS3,2015,Action,0,0,0.03,0
Book of Spells,PS3,2012,Action,0.13,0.4,0,0.16
Saihai no Yukue,DS,2008,Strategy,0,0,0.03,0
San-X Land: Theme Park de Asobou!,DS,2006,Action,0,0,0.04,0
Seven Samurai 20XX,PS2,2004,Action,0.04,0.03,0,0.01
Ghosthunter,PS2,2003,Action,0.04,0.03,0,0.01
PlayStation All-Stars Battle Royale,PS3,2012,Action,0.5,0.28,0.04,0.14
Disney's Stitch: Experiment 626,PS2,2002,Action,0.15,0.12,0,0.04
Silent Hill 4: The Room,PS2,2004,Action,0.25,0.19,0,0.06
The Lord of the Rings: Aragorn's Quest,PS2,2010,Action,0.03,0.02,0,0.01
Kuroshitsuji: Phantom & Ghost,DS,2009,Action,0,0,0.04,0
Resident Evil: Survivor,PS,2000,Action,0.23,0.15,0.29,0.05
Phineas and Ferb: Across the 2nd Dimension,PS3,2011,Action,0.15,0.12,0,0.05
Yu-Gi-Oh! World Championship 2008,DS,2007,Strategy,0.13,0.02,0.12,0.01
The Incredibles: Rise of the Underminer,PS2,2005,Action,0.18,0.14,0,0.05
Ninjabread Man,Wii,2007,Action,0.07,0,0,0.01
Captain America: Super Soldier,Wii,,Action,0.05,0,0,0
Thor: God of Thunder,PS3,2011,Action,0.07,0.06,0,0.02
Marc Ecko's Getting Up: Contents Under Pressure,PS2,2006,Action,0.03,0.02,0,0.01
Robots,PS2,2005,Action,0.18,0.14,0,0.05
New Play Control! Pikmin,Wii,2008,Strategy,0.29,0.14,0.19,0.04
Tomb Raider Chronicles,PS,1999,Action,0.34,0.23,0,0.04
Command & Conquer: Red Alert Retaliation,PS,1998,Strategy,0.39,0.27,0,0.05
Castlevania: Lords of Shadow - Reverie,PS3,2011,Action,0.02,0.01,0,0.01
Toukiden 2,PS3,2016,Action,0,0,0.02,0
Auto Destruct,PS,1998,Action,0.04,0.03,0,0.01
Robocalypse,DS,2008,Strategy,0.07,0,0,0
Time Commando,PS,1996,Action,0.1,0.07,0,0.01
The Incredibles,PS2,2004,Action,0.96,1.08,0.04,0.3
Danny Phantom: Urban Jungle,DS,2006,Action,0.04,0,0,0
Dynasty Tactics 2,PS2,2003,Strategy,0.05,0.04,0,0.01
Medal of Honor: Warfighter,PS3,2012,Action,0.47,0.65,0.06,0.28
Tom Clancy's HAWX,PS3,2009,Action,0.21,0.22,0.05,0.09
Uncharted 3: Drake's Deception,PS3,2011,Action,2.77,2.8,0.19,1.06
Tomb Raider: Underworld,Wii,2008,Action,0.14,0.28,0,0.06
Ball Breakers,PS,2000,Action,0.1,0.07,0,0.01
Ninja Gaiden Sigma,PS3,2007,Action,0.57,0.33,0.09,0.16
Batman Forever: The Arcade Game,PS,1996,Action,0.02,0.01,0,0
Prince of Persia Trilogy,PS3,2010,Action,0.17,0.25,0,0.09
The Getaway: Black Monday,PS2,2004,Action,0.39,1.01,0.02,0.36
Transformers: Revenge of the Fallen (DS Versions),DS,2009,Action,0.17,0.13,0,0.03
G-Force,Wii,2009,Action,0.19,0.2,0,0.05
The Legend of Kage 2,DS,2008,Action,0.07,0,0,0
Samurai Warriors 4-II,PS3,2015,Action,0,0,0.11,0
Teenage Mutant Ninja Turtles 3: Mutant Nightmare,PS2,2005,Action,0.1,0.08,0,0.03
T'ai Fu: Wrath of the Tiger,PS,1998,Action,0.08,0.06,0,0.01
TMNT,Wii,2007,Action,0.34,0.03,0,0.03
Trapt,PS2,2005,Action,0.03,0.02,0,0.01
Kamen Rider Ryuki,PS,2002,Action,0,0,0.13,0.01
Zangeki no Reginleiv,Wii,2010,Action,0,0,0.11,0
Mercenaries: Playground of Destruction,PS2,2005,Action,0.64,0.02,0,0.1
Deadly Premonition,PS3,2010,Action,0.08,0.05,0,0.02
All Star Karate,Wii,2010,Action,0.14,0.07,0,0.02
Onimusha: Warlords,PS2,2001,Action,0.99,0.48,1.09,0.14
Thrillville: Off the Rails,Wii,2007,Strategy,0.39,0.02,0,0.03
Superman Returns,DS,2006,Action,0.07,0,0,0.01
SD Gundam G Generation Wars,PS2,2009,Strategy,0,0,0.31,0
Epic Mickey 2: The Power of Two,PS3,2012,Action,0.21,0.2,0,0.08
LEGO Harry Potter: Years 5-7,Wii,,Action,0.76,0.47,0,0.13
Sengoku Musou 3 Empires,PS3,2011,Action,0,0,0.14,0
Urban Reign,PS2,2005,Action,0.04,0.03,0,0.01
Yu-Gi-Oh! 5D's: Duel Transer,Wii,2010,Strategy,0.11,0.02,0.02,0.01
Naruto: Uzumaki Chronicles 2 (JP sales),PS2,2006,Action,0,0,0.05,0
LEGO Pirates of the Caribbean: The Video Game,PS3,2011,Action,0.36,0.46,0,0.17
Katekyoo Hitman Reborn! DS: Shinuki Max! Vongola Carnival!!,DS,2007,Action,0,0,0.05,0
Nickelodeon Team Umizoomi,DS,2011,Action,0.45,0,0,0.03
Scurge: Hive,DS,2006,Action,0.05,0,0,0
Retro Game Challenge (US sales),DS,2007,Action,0.1,0,0,0
Tom Clancy's Splinter Cell,PS2,2003,Action,1.15,1.11,0,0.4
Turn It Around,DS,2006,Action,0.03,0,0,0
Rango: The Video Game,DS,2011,Action,0.07,0.03,0,0.01
Alias,PS2,2004,Action,0.05,0.04,0,0.01
Shadow of Rome,PS2,2005,Action,0.13,0.1,0,0.03
Ratatouille,Wii,2007,Action,0.44,0.04,0,0.04
Star Trek: Conquest,PS2,,Strategy,0.06,0.04,0,0.01
Franklin's Great Adventures,DS,2006,Action,0.02,0,0,0
X-Men: Destiny,DS,2011,Action,0.05,0.01,0,0
One Piece: Unlimited World Red,PS3,2014,Action,0.09,0.12,0.06,0.05
All Kamen Rider: Rider Generation,DS,2011,Action,0,0,0.12,0
SpongeBob SquarePants: The Yellow Avenger,DS,2005,Action,0.32,0,0,0.02
Superman: Shadow of Apokolips,PS2,2002,Action,0.21,0.16,0,0.05
GrimGrimoire,PS2,2007,Strategy,0.01,0.01,0.03,0
Ben 10: Alien Force,DS,2008,Action,0.65,0.22,0,0.09
G-Force,DS,2009,Action,0.27,0.23,0,0.06
How to Train Your Dragon,PS3,2010,Action,0.12,0.04,0,0.02
C.O.P.: The Recruit,DS,2009,Action,0.05,0.02,0,0.01
Dynasty Warriors 4,PS2,2003,Action,0.63,0.21,1.13,0.13
The Lord of the Rings: The Fellowship of the Ring,PS2,2002,Action,0.59,0.46,0,0.15
Power Rangers: Dino Thunder,PS2,2004,Action,0.35,0.27,0,0.09
Super Robot Taisen α,PS,2000,Strategy,0,0,0.75,0.05
Jackass the Game DS,DS,2008,Action,0.06,0,0,0.01
Return Fire,PS,1996,Strategy,0.05,0.03,0,0.01
Ice Age: Dawn of the Dinosaurs,PS2,2009,Action,0.08,0.07,0,0.02
Shin Chan: Las Nuevas Aventuras Para Wii!,Wii,2006,Action,0,0,0.07,0
Kidou Senshi Gundam 00,DS,2008,Action,0,0,0.08,0
Scooby-Doo! First Frights,PS2,2009,Action,0.14,0.03,0,0.16
Transformers: Autobots / Decepticons,DS,2007,Action,1.12,0.03,0,0.09
Bleach DS 4th: Flame Bringer,DS,2009,Action,0,0,0.03,0
Metal Gear Solid: Peace Walker HD Edition,PS3,2011,Action,0,0,0.15,0
Scooby-Doo! and the Spooky Swamp,PS2,2010,Action,0.08,0.11,0,0.08
The Legend of Zelda: Phantom Hourglass,DS,2007,Action,1.9,1.83,0.95,0.49
Kikou Heidan J-Phoenix 2,PS2,2003,Action,0,0,0.04,0
Tomb Raider: Underworld,PS3,2008,Action,0.45,0.56,0.05,0.22
Shin Lucky * Star: Moe Drill ~Tabidachi~,DS,2007,Action,0,0,0.07,0
Teenage Mutant Ninja Turtles: Arcade Attack,DS,2009,Action,0.12,0,0,0.01
Hi Hi Puffy AmiYumi: The Genie & the Amp,DS,2006,Action,0.01,0,0,0
Dynasty Warriors,PS,1997,Action,0.09,0.06,0.11,0.02
Bakugan Battle Brawlers: Defenders of the Core,Wii,2010,Action,0.15,0.01,0,0.01
Sim Theme Park,PS,1999,Strategy,0.35,0.24,0,0.04
Ninja Reflex,DS,2008,Action,0.09,0,0,0.01
Robots,DS,2005,Action,0.12,0.01,0,0.01
Gintama: Banji Oku Chuubu!,Wii,2007,Action,0,0,0.03,0
Mobile Suit Gundam: Giren no Yabou- Zeon no Keifu,PS,2000,Strategy,0,0,0.54,0.04
Brigandine: The Legend of Forsena,PS,1998,Strategy,0.05,0.03,0,0.01
Army Men: Green Rogue,PS2,2001,Action,0.06,0.05,0,0.02
Bratz: Girlz Really Rock,PS2,2008,Action,0.11,0.09,0,0.03
Barbie and Her Sisters Puppy Rescue,Wii,2015,Action,0,0.06,0,0
Space Camp,Wii,2009,Action,0.12,0,0,0.01
Front Mission 2,PS,1997,Strategy,0,0,0.49,0.03
Mobile Suit Gundam: Climax U.C.,PS2,2006,Action,0,0,0.23,0
Harry Potter and the Prisoner of Azkaban,PS2,2004,Action,0.5,0.39,0,0.13
Shining Stars,DS,2008,Action,0.03,0,0,0
Transformers: Prime,Wii,2012,Action,0,0.01,0,0
Final Fantasy XIV: Heavensward,PS3,2015,Action,0.01,0,0.01,0
The Lord of the Rings: Aragorn's Quest,PS3,2010,Action,0.1,0.04,0,0.02
The Godfather: Dons Edition,PS3,2007,Action,0.25,0.02,0,0.03
Tom Clancy's HAWX 2,Wii,2010,Action,0.07,0.03,0,0.01
Teenage Mutant Ninja Turtles: Mutants in Manhattan,PS3,2016,Action,0.01,0.03,0,0.01
Indiana Jones and the Staff of Kings,PS2,2009,Action,0.11,0.01,0,0.16
Biohazard: Revival Selection,PS3,2011,Action,0,0,0.18,0
Resident Evil 4,Wii,2007,Action,1.34,0.57,0.14,0.21
Rune: Viking Warlord,PS2,2001,Action,0.13,0.1,0,0.03
Gekijouban Macross F: Sayonara no Tsubasa - Hybrid Pack,PS3,2011,Action,0,0,0.22,0
Creeper World 3: Arc Eternal,Wii,2009,Strategy,0,0,0.1,0
Sonny with a Chance,DS,2010,Action,0.12,0.02,0,0.01
Fireblade,PS2,2002,Action,0.09,0.07,0,0.02
Dr. Seuss: How the Grinch Stole Christmas,DS,2007,Action,0.29,0,0,0.02
SpongeBob's Truth or Square (US sales),DS,2009,Action,0.42,0,0,0
Mobile Suit Gundam,PS,1995,Action,0,0,0.42,0.03
Madagascar: Escape 2 Africa,PS2,2008,Action,0.12,0,0,0.26
Monster Rancher Hop-A-Bout,PS,2000,Action,0.02,0.01,0,0
WarCraft II: The Dark Saga,PS,1997,Strategy,0.18,0.12,0,0.02
Herc's Adventures,PS,1997,Action,0.02,0.01,0,0
Populous DS,DS,2008,Strategy,0.07,0,0.02,0.01
Cold Fear,PS2,2005,Action,0.06,0.04,0,0.01
Resident Evil Director's Cut,PS3,2006,Action,0,0,0.04,0
Dai-2-Ji Super Robot Taisen OG,PS3,2012,Strategy,0,0,0.3,0
Covert Ops: Nuclear Dawn,PS,2000,Action,0.13,0.09,0,0.02
Jackass the Game,PS2,2007,Action,0.14,0.11,0,0.04
Chokkan! Asonde Relaxuma,DS,2008,Action,0,0,0.01,0
X-Men Origins: Wolverine,Wii,2009,Action,0.19,0.04,0,0.02
Super Robot Taisen F Kanketsuhen,PS,1999,Strategy,0,0,0.21,0.01
Legend of the Guardians: The Owls of Ga'Hoole,DS,2010,Action,0.11,0.02,0,0.01
Soul Eater: Monotone Princess,Wii,2008,Action,0,0,0.02,0
LEGO Star Wars: The Complete Saga,DS,2007,Action,2.89,1.54,0,0.46
Sushi Academy,DS,2009,Action,0.08,0,0,0.01
Grand Theft Auto,PS,1997,Action,0.79,1.35,0.04,0.14
Assault Rigs,PS,1996,Action,0.02,0.02,0,0
Allied General,PS,1996,Strategy,0.11,0.07,0,0.01
Nobunaga no Yabou: Reppuuden,PS,1999,Strategy,0,0,0.19,0.01
Tongari Boushi to Oshare na Mahou Tsukai,DS,2011,Action,0,0,0.24,0
Destroy All Humans! Big Willy Unleashed,Wii,2008,Action,0.13,0,0,0.01
The Great Escape,PS2,2003,Action,0.1,0.07,0,0.02
God of War,PS2,2005,Action,2.71,1.29,0.02,0.43
Naruto Shippuden: Dragon Blade Chronicles,Wii,2009,Action,0.11,0.02,0.05,0.01
Prince of Persia: The Forgotten Sands,PS3,2010,Action,0.19,0.36,0.01,0.13
The Chronicles of Narnia: Prince Caspian,Wii,2008,Action,0.31,0.02,0,0.03
Generator Rex: Agent of Providence,Wii,2011,Action,0.07,0.01,0,0.01
Dynasty Warriors 6 Empires,PS3,2009,Action,0.14,0.03,0.15,0.02
Rango: The Video Game,Wii,2011,Action,0.08,0.04,0,0.01
Spyborgs,Wii,2009,Action,0.1,0.01,0,0.01
X-Men: Destiny,Wii,2011,Action,0.08,0.02,0,0.01
Bratz: Girlz Really Rock,Wii,2008,Action,0.19,0,0,0.02
Pro Baseball Spirits 2015,PS3,2015,Action,0,0,0.15,0
Prince of Persia: Rival Swords,Wii,2007,Action,0.24,0.03,0,0.02
Yakuza 3,PS3,2009,Action,0.21,0.21,0.62,0.08
Zombi Daisuki,DS,2011,Action,0,0,0.04,0
Hitman: Absolution,PS3,2012,Action,0.59,1.07,0.07,0.45
Sengoku Basara: Samurai Heroes,Wii,2010,Action,0.08,0.02,0.2,0.01
Syberia,DS,2008,Action,0.1,0.02,0,0.01
Deus Ex: The Conspiracy,PS2,2002,Action,0.1,0.08,0,0.03
Looney Tunes: Acme Arsenal,Wii,2007,Action,0.21,0.01,0,0.02
Spider-Man: Web of Shadows,PS2,2008,Action,0.1,0.08,0,0.03
Uncharted 2: Among Thieves,PS3,2009,Action,3.27,2.25,0.21,1
The Mummy: Tomb of the Dragon Emperor,PS2,2008,Action,0.12,0.1,0,0.03
NHL 08,PS3,2007,Action,0.16,0.06,0,0.03
Shaman King: Spirit of Shamans,PS,2002,Action,0,0,0.18,0.01
Theme Park Roller Coaster,PS2,2000,Strategy,0.23,0.18,0,0.06
Disney Infinity,PS3,2013,Action,0.48,0.35,0,0.16
Battle Hunter,PS,1999,Strategy,0.02,0.01,0,0
Tears to Tiara Anecdotes: The Secret of Avalon,PS3,2009,Strategy,0,0,0.04,0
LEGO Harry Potter: Years 1-4,DS,2010,Action,1.07,1.05,0,0.23
Dragon Ball Z: Budokai Tenkaichi 2 (JP sales),Wii,,Action,0.15,0.05,0.14,0.01
Katekyoo Hitman Reborn! Kindan no Yami no Delta,PS2,2008,Action,0,0,0.02,0
Deception IV: Blood Ties,PS3,2014,Action,0.02,0.02,0.06,0.01
Tengen Toppa Gurren-Lagann,DS,2007,Action,0,0,0.02,0
Chicken Shoot,DS,2007,Action,0.13,0,0,0.01
007: Quantum of Solace,PS3,2008,Action,0.43,0.52,0.02,0.2
Kamen Rider Kabuto,PS2,2006,Action,0,0,0.06,0
LEGO Rock Raiders,PS,1999,Strategy,0.06,0.04,0,0.01
The Getaway,PS2,2002,Action,1.23,1.77,0.05,0.49
Suikoden Tactics,PS2,2005,Strategy,0.06,0.05,0.07,0.02
Puss in Boots,DS,2011,Action,0.09,0.01,0,0.01
Domino Rally,Wii,2007,Action,0.05,0,0,0
Conflict Zone,PS2,2002,Strategy,0.1,0.08,0,0.03
Army Men World War: Final Front,PS,2001,Action,0.24,0.17,0,0.03
Dead Island: Riptide,PS3,2013,Action,0.26,0.2,0.07,0.09
Hannah Montana: Spotlight World Tour,Wii,2007,Action,0.87,0.38,0,0.13
Scooby-Doo! and the Spooky Swamp,DS,2010,Action,0.26,0.1,0,0.03
Ben 10: Protector of Earth,PS2,2007,Action,0.09,0,0,0.74
Zombie Hunters 2,PS2,2006,Action,0,0,0.02,0
Brave: The Video Game,DS,2012,Action,0,0.02,0,0
The Legend of Zelda: Skyward Sword,Wii,2011,Action,2.14,1.2,0.37,0.4
Original Frisbee Disc Sports: Ultimate & Golf,DS,2007,Action,0.01,0,0,0
Tom Clancy's Splinter Cell: Chaos Theory,PS2,2005,Action,0.36,0.45,0,0.14
Asura's Wrath,PS3,2012,Action,0.18,0.12,0.06,0.05
Goblin Commander: Unleash the Horde,PS2,2003,Strategy,0.08,0.07,0,0.02
Bee Movie Game,Wii,2007,Action,0.31,0.01,0,0.03
Shin Super Robot Taisen Special Disk,PS,1997,Strategy,0,0,0.3,0.02
Ben 10: Protector of Earth,DS,2007,Action,0.69,0.83,0,0.19
Mage Knight: Destiny's Soldier,DS,2006,Strategy,0.02,0,0,0
My Hero: Doctor,DS,2009,Action,0.02,0,0,0
Tiny Toon Adventures: Plucky's Big Adventure,PS,2001,Action,0.15,0.1,0,0.02
Yogi Bear: The Video Game,Wii,2010,Action,0.06,0.05,0,0.01
Avatar: The Last Airbender - The Burning Earth,DS,2007,Action,0.31,0,0,0.03
Emily the Strange: Strangerous,DS,2011,Action,0.04,0.03,0,0.01
Demon Chaos,PS2,,Action,0,0,0.09,0
Frogger,PS,1997,Action,3.79,0.27,0,0.11
God of War III,PS3,2010,Action,2.74,1.36,0.12,0.63
Star Wars: The Force Unleashed II,DS,2010,Action,0.18,0.04,0,0.02
Gundam Breaker 2,PS3,2014,Action,0,0,0.14,0
The Lord of the Rings: Conquest,PS3,2009,Action,0.38,0.26,0,0.12
1001 Touch Games,DS,2011,Action,0.12,0.17,0,0.04
Finding Nemo: Escape to the Big Blue,DS,2006,Action,0.12,0.04,0,0.01
The Cube,Wii,2012,Action,0,0.04,0,0
TMNT,DS,2007,Action,0.03,0.01,0,0
SpongeBob's Atlantis SquarePantis,Wii,2007,Action,0.57,0.01,0,0.04
Saiyuki: Journey West,PS,1999,Strategy,0.03,0.02,0,0
Die Hard Trilogy 2: Viva Las Vegas,PS,1999,Action,0.27,0.18,0,0.03
Create,PS3,2010,Action,0.11,0.03,0,0.02
LEGO Indiana Jones 2: The Adventure Continues,PS3,2009,Action,0.47,0.3,0,0.13
Ratatouille,PS3,2007,Action,0.09,0.32,0,0.11
Spawn: Armageddon,PS2,2003,Action,0.22,0.17,0,0.06
Kekkaishi: Karasumori Ayakashi Kidan,DS,2007,Action,0,0,0.17,0
Looney Tunes: Acme Arsenal,PS2,2007,Action,0.19,0.15,0,0.05
Kung Fu Panda,PS3,2008,Action,0.21,0.21,0,0.09
Grand Theft Auto V,PS3,2013,Action,7.01,9.27,0.97,4.14
Mobile Suit Gundam: One Year War,PS2,2005,Action,0,0,0.44,0
Man vs. Wild,PS3,2010,Action,0.07,0,0,0.01
Heatseeker,Wii,2007,Action,0.08,0,0,0.01
Ninja: Shadow of Darkness,PS,1998,Action,0.21,0.14,0,0.02
TV Anime Idolm@ster: Cinderella Girls G4U! Pack Vol.1,PS3,2015,Action,0,0,0.02,0
Katekyoo Hitman Reborn! Kindan no Yami no Delta,Wii,2008,Action,0,0,0.01,0
Nectaris: Military Madness,PS,1998,Strategy,0.02,0.01,0,0
Mortal Kombat: Shaolin Monks,PS2,2005,Action,0.58,0.02,0,0.09
San Goku Shi Taisen DS,DS,2007,Strategy,0,0,0.16,0
Monster High: New Ghoul in School,PS3,2015,Action,0,0.06,0,0.01
Worms: Open Warfare 2,DS,2007,Strategy,0.07,0.25,0,0.04
Spider-Man: Shattered Dimensions,DS,2010,Action,0.17,0.01,0,0.01
Action Man-Operation Extreme,PS,,Action,0.05,0.03,0,0.01
Spider-Man: Friend or Foe,Wii,2007,Action,0.13,0.01,0,0.01
Apocalypse,PS,1998,Action,0.25,0.17,0,0.03
Blade II,PS2,2002,Action,0.15,0.12,0,0.04
Grand Theft Auto: Chinatown Wars,DS,2009,Action,0.59,0.57,0.05,0.14
Dino Crisis,PS,1998,Action,0.81,0.76,0.7,0.14
Angry Birds Star Wars,Wii,2013,Strategy,0.21,0.1,0,0.03
Ninja Gaiden: Dragon Sword,DS,2008,Action,0.17,0.02,0.02,0.02
Star Wars Episode III: Revenge of the Sith,DS,2005,Action,0.25,0.03,0,0.03
3Xtreme,PS,1999,Action,0.5,0.34,0,0.06
Princess Maker: Yumemiru Yosei,PS,1997,Strategy,0,0,0.18,0.01
Fantastic Four: Rise of the Silver Surfer,DS,2007,Action,0.04,0,0,0
Top Spin 3,Wii,2008,Action,0.15,0.37,0,0.07
Indiana Jones and the Staff of Kings,Wii,2009,Action,0.36,0.3,0,0.08
Devil Kings,PS2,2005,Action,0.03,0.03,0.18,0.01
Bully,PS2,2006,Action,0.75,0.03,0.04,0.12
Disney's The Little Mermaid: Ariel's Undersea Adventure,DS,2006,Action,0.73,0.03,0,0.06
Adventure Time: Finn & Jake Investigations,PS3,2015,Action,0.02,0.07,0,0.02
Fantastic Four: Rise of the Silver Surfer,PS2,2007,Action,0.19,0.15,0,0.05
Spider-Man: Web of Shadows,DS,2008,Action,0.09,0,0,0.01
"The Chronicles of Narnia: The Lion, The Witch and The Wardrobe",PS2,2005,Action,0.36,0.01,0,0.06
Culdcept,PS2,2002,Strategy,0.01,0.01,0,0
Bakugan: Battle Brawlers,PS2,2009,Action,0.21,0.16,0,0.05
Pirates of the Caribbean: At World's End,Wii,2007,Action,0.39,0.02,0.01,0.04
UFC Undisputed 3,PS3,2012,Action,0.55,0.34,0.03,0.13
GoldenEye 007 (2010),Wii,2010,Action,0.85,0.71,0.13,0.16
G-Force,PS2,2009,Action,0.12,0.01,0,0.14
Hitman 2: Silent Assassin,PS2,2002,Action,1.36,1.15,0.04,0.41
Rugrats in Paris: The Movie,PS,2000,Action,1.96,1.33,0,0.23
Detective Conan: Prelude from the Past,DS,2012,Action,0,0,0.05,0
Code Lyoko: Quest for Infinity,Wii,2007,Action,0.07,0.02,0,0.01
Army Men World War: Team Assault,PS,2001,Action,0.06,0.04,0,0.01
Attack on Titan (KOEI),PS3,2016,Action,0,0,0.06,0
LEGO Marvel's Avengers,PS3,2016,Action,0.1,0.17,0,0.05
Driver 2,PS,2000,Action,2.36,2.1,0.02,0.25
Syndicate Wars,PS,1997,Strategy,0.02,0.01,0,0
Irritating Stick,PS,1998,Action,0.01,0.01,0,0
The Chronicles of Narnia: Prince Caspian,PS2,2008,Action,0.2,0.15,0,0.05
Ganbare Goemon: Toukai Douchuu Ooedo Tengurigaeshi no Maki,DS,2005,Action,0,0,0.03,0
SoulCalibur Legends,Wii,2007,Action,0.16,0.01,0,0.01
Dynasty Warriors: Strikeforce,PS3,2009,Action,0.11,0.08,0.07,0.03
Incredible Crisis,PS,1999,Action,0.04,0.03,0,0.01
R.U.S.E.,PS3,2010,Strategy,0.18,0.22,0.02,0.09
Far Cry 2,PS3,2008,Action,0.43,0.7,0.01,0.27
The Adventures of Tintin: The Game,PS3,2011,Action,0.06,0.16,0,0.05
Gauntlet Legends,PS,2000,Action,0.26,0.18,0,0.03
Super Robot Taisen K,DS,2009,Strategy,0,0,0.21,0
Yu-Gi-Oh! 5D's Stardust Accelerator: World Championship 2009,DS,2009,Action,0.27,0.01,0.09,0.03
SAW,PS3,2009,Action,0.13,0.17,0,0.07
Silent Hill: Origins,PS2,2008,Action,0.03,0.03,0,0.01
America's Next Top Model,DS,2008,Action,0.1,0,0,0.01
Mafia II,PS3,2010,Action,0.5,0.72,0.04,0.26
Mafia,PS2,2004,Action,0.34,0.27,0,0.09
Negima!? Dream Tactic Yumemiru Otome Princess,PS2,2007,Strategy,0,0,0.03,0
Magic: The Gathering - Battlemage,PS,1997,Strategy,0.07,0.05,0,0.01
Prince of Persia,PS3,2008,Action,0.47,0.41,0.03,0.18
Metal Gear Solid,PS,1998,Action,3.18,1.83,0.78,0.24
Harry Potter and the Order of the Phoenix,DS,2007,Action,0.28,0.47,0,0.1
Thor: God of Thunder,DS,2011,Action,0.09,0.03,0,0.01
LEGO Indiana Jones: The Original Adventures,PS2,2008,Action,0.6,0.01,0,0.76
Way of the Samurai 4,PS3,2011,Action,0,0.03,0.16,0.01
Fantastic Four,PS,1997,Action,0.04,0.03,0,0
Gauntlet: Dark Legacy,PS2,2001,Action,0.56,0.44,0,0.15
Maken Shao: Demon Sword,PS2,2001,Action,0,0,0.04,0
Onechanbara: Bikini Zombie Slayers,Wii,2008,Action,0.11,0,0,0.01
Dragon Ball: Origins 2,DS,2010,Action,0.05,0.02,0.08,0.01
Mini Ninjas,PS3,2009,Action,0.14,0.16,0,0.06
Strawberry Shortcake: Strawberryland Games,DS,2006,Action,0.05,0,0,0
Gintama DS: Yorozuya Daisoudou,DS,2006,Action,0,0,0.07,0
Bratz: Girlz Really Rock,DS,2008,Action,0.18,0.11,0,0.03
Batman: Rise of Sin Tzu,PS2,2003,Action,0.17,0.13,0,0.05
God of War Collection,PS3,2009,Action,1.7,0.46,0.06,0.41
Iron Man,PS2,2008,Action,0.36,0,0,0.19
Yu-Gi-Oh! World Championship 2007,DS,2007,Strategy,0,0.01,0.04,0
SPRay,Wii,2008,Action,0.04,0,0,0
Project V6,PS,1998,Strategy,0,0,0.13,0.01
Asterix & Obelix: Kick Buttix,PS2,2004,Action,0.02,0.01,0,0
Devil May Cry,PS2,2001,Action,1.36,0.86,0.64,0.13
LEGO Star Wars: The Video Game,PS2,2005,Action,1.98,1.14,0.01,0.41
Gekijouban Macross F: Itsuwarino Utahime - Hybrid Pack,PS3,2010,Action,0,0,0.21,0
Ninja Reflex,Wii,2008,Action,0.11,0.01,0,0.01
MySims SkyHeroes,PS3,2010,Action,0.08,0.02,0,0.01
LEGO Star Wars II: The Original Trilogy,DS,2006,Action,0.96,0.04,0,0.08
Afro Samurai,PS3,2009,Action,0.12,0.05,0,0.03
Spyro: Shadow Legacy,DS,2005,Action,0.14,0.01,0,0.01
[Prototype 2],PS3,2012,Action,0.36,0.28,0,0.11
Onimusha 3: Demon Siege,PS2,2004,Action,0.37,0.47,0.54,0.07
SD Gundam G Generation: Cross Drive,DS,2007,Strategy,0,0,0.26,0
Battalion Wars 2,Wii,2007,Strategy,0.22,0.03,0.08,0.02
Disney Universe,PS3,2011,Action,0.3,0.23,0,0.09
Rising Zan: The Samurai Gunman,PS,1998,Action,0.01,0.01,0,0
